caseid,task,start:timestamp,time:timestamp,role,st_wip,st_tsk_wip,queue
1,Create Purchase Requisition,2011-06-20 19:30:13,2011-06-20 19:38:27,Role 1,41,1.1258027956176804,0
2,Create Purchase Requisition,2011-06-20 20:32:56,2011-06-20 20:41:08,Role 1,42,1.1258027956176804,0
3,Create Purchase Requisition,2011-06-20 22:01:18,2011-06-20 22:09:29,Role 1,43,1.1258027956176804,0
4,Create Purchase Requisition,2011-06-20 23:06:10,2011-06-20 23:14:19,Role 1,44,1.1258027956176804,0
2,Create Request for Quotation,2011-06-21 01:51:09,2011-06-21 02:04:16,Role 3,42,1.047317718171515,0
5,Create Purchase Requisition,2011-06-21 02:50:08,2011-06-21 02:59:05,Role 1,45,1.1258027956176804,0
3,Create Request for Quotation,2011-06-21 03:27:30,2011-06-21 03:40:40,Role 3,43,1.047317718171515,0
6,Create Purchase Requisition,2011-06-21 04:04:34,2011-06-21 04:13:30,Role 1,46,1.1258027956176804,0
4,Create Request for Quotation,2011-06-21 04:40:31,2011-06-21 04:53:43,Role 3,44,1.047317718171515,0
7,Create Purchase Requisition,2011-06-21 05:36:55,2011-06-21 05:45:49,Role 1,47,1.1258027956176804,0
8,Create Purchase Requisition,2011-06-21 05:50:17,2011-06-21 05:59:11,Role 1,48,1.1258027956176804,0
9,Create Purchase Requisition,2011-06-21 07:46:06,2011-06-21 07:54:58,Role 1,49,1.1258027956176804,0
10,Create Purchase Requisition,2011-06-21 09:42:38,2011-06-21 09:51:28,Role 1,50,1.1258027956176804,0
11,Create Purchase Requisition,2011-06-21 11:31:10,2011-06-21 11:39:58,Role 1,51,1.1258027956176804,0
12,Create Purchase Requisition,2011-06-21 12:39:37,2011-06-21 12:48:24,Role 1,52,1.1258027956176804,0
13,Create Purchase Requisition,2011-06-21 13:11:49,2011-06-21 13:20:36,Role 1,53,1.1258027956176804,0
6,Create Request for Quotation,2011-06-21 15:00:39,2011-06-21 15:12:19,Role 3,46,1.047317718171515,0
14,Create Purchase Requisition,2011-06-21 16:20:10,2011-06-21 16:28:54,Role 1,54,1.1258027956176804,0
1,Analyze Purchase Requisition,2011-06-21 17:06:52,2011-06-21 17:11:07,Role 3,41,1.0333396297695505,0
15,Create Purchase Requisition,2011-06-21 17:15:23,2011-06-21 17:24:07,Role 1,54,1.1258027956176804,0
9,Create Request for Quotation,2011-06-21 19:04:41,2011-06-21 19:16:33,Role 3,49,1.047317718171515,0
16,Create Purchase Requisition,2011-06-21 20:17:21,2011-06-21 20:26:03,Role 1,55,1.1258027956176804,0
17,Create Purchase Requisition,2011-06-21 21:22:13,2011-06-21 21:30:54,Role 1,56,1.1258027956176804,0
18,Create Purchase Requisition,2011-06-21 22:28:36,2011-06-21 22:37:16,Role 1,57,1.1258027956176804,0
11,Create Request for Quotation,2011-06-21 23:05:03,2011-06-21 23:17:04,Role 3,51,1.047317718171515,0
12,Create Request for Quotation,2011-06-22 00:21:16,2011-06-22 00:33:25,Role 3,52,1.047317718171515,0
13,Create Request for Quotation,2011-06-22 01:01:18,2011-06-22 01:13:30,Role 3,53,1.047317718171515,0
19,Create Purchase Requisition,2011-06-22 01:33:12,2011-06-22 01:42:02,Role 1,58,1.1258027956176804,0
20,Create Purchase Requisition,2011-06-22 01:44:49,2011-06-22 01:53:39,Role 1,59,1.1258027956176804,0
21,Create Purchase Requisition,2011-06-22 03:34:52,2011-06-22 03:43:39,Role 1,60,1.1258027956176804,0
5,Analyze Purchase Requisition,2011-06-22 03:47:15,2011-06-22 03:51:34,Role 3,45,1.0333396297695505,0
22,Create Purchase Requisition,2011-06-22 06:16:21,2011-06-22 06:25:05,Role 1,61,1.1258027956176804,0
7,Analyze Purchase Requisition,2011-06-22 06:52:00,2011-06-22 06:56:18,Role 3,47,1.0333396297695505,0
8,Analyze Purchase Requisition,2011-06-22 07:14:34,2011-06-22 07:18:53,Role 3,48,1.0333396297695505,0
23,Create Purchase Requisition,2011-06-22 07:24:10,2011-06-22 07:32:52,Role 1,62,1.1258027956176804,0
7,Create Request for Quotation,2011-06-22 07:19:25,2011-06-22 07:39:16,Role 3,61,1.047317718171515,0
8,Create Request for Quotation,2011-06-22 07:42:04,2011-06-22 08:01:55,Role 3,61,1.047317718171515,0
24,Create Purchase Requisition,2011-06-22 10:21:03,2011-06-22 10:29:42,Role 1,63,1.1258027956176804,0
18,Create Request for Quotation,2011-06-22 10:49:44,2011-06-22 11:02:13,Role 3,57,1.047317718171515,0
25,Create Purchase Requisition,2011-06-22 11:07:46,2011-06-22 11:16:25,Role 1,64,1.1258027956176804,0
10,Analyze Purchase Requisition,2011-06-22 11:25:38,2011-06-22 11:29:54,Role 3,50,1.0333396297695505,0
2,Analyze Request for Quotation,2011-06-22 13:02:52,2011-06-22 13:15:07,Role 4,44,1.177465054778995,0
26,Create Purchase Requisition,2011-06-22 13:13:17,2011-06-22 13:21:52,Role 1,64,1.1258027956176804,0
5,Amend Purchase Requisition,2011-06-22 13:05:39,2011-06-22 13:26:38,Role 1,60,1.0017944843218738,0
27,Create Purchase Requisition,2011-06-22 14:49:25,2011-06-22 14:58:00,Role 1,64,1.1258027956176804,0
3,Analyze Request for Quotation,2011-06-22 15:03:45,2011-06-22 15:15:59,Role 4,45,1.177465054778995,0
4,Analyze Request for Quotation,2011-06-22 16:41:38,2011-06-22 16:53:52,Role 4,46,1.177465054778995,0
28,Create Purchase Requisition,2011-06-22 17:15:27,2011-06-22 17:24:00,Role 1,65,1.1258027956176804,0
3,Amend Request for Quotation,2011-06-22 17:23:05,2011-06-22 17:42:03,Role 1,64,1.0573290517567058,0
14,Analyze Purchase Requisition,2011-06-22 18:42:20,2011-06-22 18:46:36,Role 3,54,1.0333396297695505,0
29,Create Purchase Requisition,2011-06-22 19:10:45,2011-06-22 19:19:14,Role 1,66,1.1258027956176804,0
4,Amend Request for Quotation,2011-06-22 19:01:50,2011-06-22 19:21:06,Role 1,64,1.0573290517567058,0
15,Analyze Purchase Requisition,2011-06-22 19:37:33,2011-06-22 19:41:49,Role 3,54,1.0333396297695505,0
15,Create Request for Quotation,2011-06-22 20:06:14,2011-06-22 20:26:36,Role 3,66,1.047317718171515,0
30,Create Purchase Requisition,2011-06-22 22:32:52,2011-06-22 22:41:21,Role 1,67,1.1258027956176804,0
16,Analyze Purchase Requisition,2011-06-22 22:49:40,2011-06-22 22:53:56,Role 3,55,1.0333396297695505,0
17,Analyze Purchase Requisition,2011-06-23 00:04:51,2011-06-23 00:10:31,Role 3,56,1.0333396297695505,0
31,Create Purchase Requisition,2011-06-23 00:14:00,2011-06-23 00:22:41,Role 1,66,1.1258027956176804,0
19,Create Request for Quotation,2011-06-23 01:54:02,2011-06-23 02:06:36,Role 3,58,1.047317718171515,0
6,Analyze Request for Quotation,2011-06-23 02:44:05,2011-06-23 02:58:34,Role 4,53,1.177465054778995,0
32,Create Purchase Requisition,2011-06-23 04:09:40,2011-06-23 04:18:19,Role 1,66,1.1258027956176804,0
14,Amend Purchase Requisition,2011-06-23 05:31:05,2011-06-23 05:51:56,Role 1,65,1.0017944843218738,0
33,Create Purchase Requisition,2011-06-23 06:02:22,2011-06-23 06:11:00,Role 1,67,1.1258027956176804,0
9,Analyze Request for Quotation,2011-06-23 07:26:31,2011-06-23 07:41:00,Role 4,54,1.177465054778995,0
22,Create Request for Quotation,2011-06-23 08:32:18,2011-06-23 08:45:00,Role 3,61,1.047317718171515,0
34,Create Purchase Requisition,2011-06-23 08:40:00,2011-06-23 08:48:36,Role 1,67,1.1258027956176804,0
35,Create Purchase Requisition,2011-06-23 09:26:23,2011-06-23 09:34:59,Role 1,68,1.1258027956176804,0
36,Create Purchase Requisition,2011-06-23 09:51:45,2011-06-23 10:00:21,Role 1,69,1.1258027956176804,0
37,Create Purchase Requisition,2011-06-23 11:02:12,2011-06-23 11:10:48,Role 1,70,1.1258027956176804,0
11,Analyze Request for Quotation,2011-06-23 12:37:24,2011-06-23 12:51:53,Role 4,57,1.177465054778995,0
38,Create Purchase Requisition,2011-06-23 12:51:02,2011-06-23 12:59:37,Role 1,71,1.1258027956176804,0
24,Create Request for Quotation,2011-06-23 13:54:48,2011-06-23 14:07:29,Role 3,63,1.047317718171515,0
11,Amend Request for Quotation,2011-06-23 14:39:04,2011-06-23 15:00:19,Role 1,71,1.0573290517567058,0
26,Create Request for Quotation,2011-06-23 15:37:07,2011-06-23 15:50:08,Role 3,63,1.047317718171515,0
31,Create Request for Quotation,2011-06-23 18:36:11,2011-06-23 18:50:03,Role 3,66,1.047317718171515,0
39,Create Purchase Requisition,2011-06-23 21:07:30,2011-06-23 21:16:01,Role 1,72,1.1258027956176804,0
28,Create Request for Quotation,2011-06-23 22:07:25,2011-06-23 22:20:18,Role 3,65,1.047317718171515,0
32,Create Request for Quotation,2011-06-23 22:31:49,2011-06-23 22:45:47,Role 3,66,1.047317718171515,0
40,Create Purchase Requisition,2011-06-23 23:40:59,2011-06-23 23:49:29,Role 1,73,1.1258027956176804,0
41,Create Purchase Requisition,2011-06-24 00:38:30,2011-06-24 00:47:03,Role 1,74,1.1258027956176804,0
33,Create Request for Quotation,2011-06-24 00:46:00,2011-06-24 01:00:49,Role 3,67,1.047317718171515,0
42,Create Purchase Requisition,2011-06-24 01:44:28,2011-06-24 01:53:00,Role 1,75,1.1258027956176804,0
5,Analyze Purchase Requisition,2011-06-24 02:37:45,2011-06-24 02:47:02,Role 3,63,1.0333396297695505,0
35,Create Request for Quotation,2011-06-24 04:31:55,2011-06-24 04:46:53,Role 3,68,1.047317718171515,0
43,Create Purchase Requisition,2011-06-24 04:50:15,2011-06-24 04:58:44,Role 1,75,1.1258027956176804,0
20,Analyze Purchase Requisition,2011-06-24 05:53:42,2011-06-24 05:57:32,Role 3,59,1.0333396297695505,0
44,Create Purchase Requisition,2011-06-24 05:57:15,2011-06-24 06:05:43,Role 1,76,1.1258027956176804,0
45,Create Purchase Requisition,2011-06-24 07:09:15,2011-06-24 07:17:43,Role 1,76,1.1258027956176804,0
14,Analyze Purchase Requisition,2011-06-24 08:11:51,2011-06-24 08:21:36,Role 3,66,1.0333396297695505,0
46,Create Purchase Requisition,2011-06-24 08:17:24,2011-06-24 08:25:51,Role 1,77,1.1258027956176804,0
21,Analyze Purchase Requisition,2011-06-24 08:27:29,2011-06-24 08:31:16,Role 3,60,1.0333396297695505,0
14,Create Request for Quotation,2011-06-24 08:34:28,2011-06-24 08:57:27,Role 3,77,1.047317718171515,0
21,Create Request for Quotation,2011-06-24 08:52:28,2011-06-24 09:11:14,Role 3,77,2.0473177181715148,0
38,Create Request for Quotation,2011-06-24 09:04:58,2011-06-24 09:16:37,Role 3,71,2.0473177181715148,0
47,Create Purchase Requisition,2011-06-24 10:00:27,2011-06-24 10:08:53,Role 1,78,1.1258027956176804,0
12,Analyze Request for Quotation,2011-06-24 13:04:36,2011-06-24 13:18:48,Role 4,57,1.177465054778995,0
13,Analyze Request for Quotation,2011-06-24 13:50:06,2011-06-24 14:04:18,Role 4,57,1.177465054778995,0
48,Create Purchase Requisition,2011-06-24 14:51:45,2011-06-24 15:00:09,Role 1,77,1.1258027956176804,0
44,Create Request for Quotation,2011-06-24 15:45:55,2011-06-24 15:59:55,Role 3,75,1.047317718171515,0
49,Create Purchase Requisition,2011-06-24 17:05:32,2011-06-24 17:13:55,Role 1,78,1.1258027956176804,0
45,Create Request for Quotation,2011-06-24 17:05:06,2011-06-24 17:19:10,Role 3,76,1.047317718171515,0
39,Create Request for Quotation,2011-06-24 17:45:03,2011-06-24 18:00:29,Role 3,72,1.047317718171515,0
50,Create Purchase Requisition,2011-06-24 18:01:31,2011-06-24 18:09:54,Role 1,79,1.1258027956176804,0
25,Analyze Purchase Requisition,2011-06-24 18:49:58,2011-06-24 18:53:41,Role 3,64,1.0333396297695505,0
51,Create Purchase Requisition,2011-06-24 19:03:41,2011-06-24 19:12:03,Role 1,79,1.1258027956176804,0
23,Analyze Purchase Requisition,2011-06-24 20:14:45,2011-06-24 20:18:14,Role 3,62,1.0333396297695505,0
47,Create Request for Quotation,2011-06-24 20:28:21,2011-06-24 20:42:33,Role 3,78,1.047317718171515,0
40,Create Request for Quotation,2011-06-24 20:42:38,2011-06-24 20:58:11,Role 3,73,1.047317718171515,0
52,Create Purchase Requisition,2011-06-24 21:38:04,2011-06-24 21:46:25,Role 1,79,1.1258027956176804,0
27,Analyze Purchase Requisition,2011-06-24 22:31:33,2011-06-24 22:35:17,Role 3,64,1.0333396297695505,0
53,Create Purchase Requisition,2011-06-24 23:08:36,2011-06-24 23:16:57,Role 1,80,1.1258027956176804,0
27,Create Request for Quotation,2011-06-24 22:56:45,2011-06-24 23:19:22,Role 3,79,1.047317718171515,0
48,Create Request for Quotation,2011-06-25 01:03:22,2011-06-25 01:18:28,Role 3,77,1.047317718171515,0
18,Analyze Request for Quotation,2011-06-25 01:31:06,2011-06-25 01:45:38,Role 4,63,1.177465054778995,0
54,Create Purchase Requisition,2011-06-25 02:04:09,2011-06-25 02:12:46,Role 1,81,1.1258027956176804,0
29,Analyze Purchase Requisition,2011-06-25 02:48:06,2011-06-25 02:53:10,Role 3,66,1.0333396297695505,0
55,Create Purchase Requisition,2011-06-25 03:00:42,2011-06-25 03:09:19,Role 1,81,1.1258027956176804,0
34,Analyze Purchase Requisition,2011-06-25 03:11:59,2011-06-25 03:17:40,Role 3,67,1.0333396297695505,0
34,Create Request for Quotation,2011-06-25 03:48:58,2011-06-25 04:12:44,Role 3,81,1.047317718171515,0
56,Create Purchase Requisition,2011-06-25 04:05:18,2011-06-25 04:13:54,Role 1,82,1.1258027956176804,0
36,Analyze Purchase Requisition,2011-06-25 05:26:25,2011-06-25 05:32:06,Role 3,69,1.0333396297695505,0
57,Create Purchase Requisition,2011-06-25 05:41:15,2011-06-25 05:49:51,Role 1,82,1.1258027956176804,0
58,Create Purchase Requisition,2011-06-25 05:44:50,2011-06-25 05:53:31,Role 1,83,2.1258027956176804,0
51,Create Request for Quotation,2011-06-25 05:48:13,2011-06-25 06:03:28,Role 3,79,1.047317718171515,0
59,Create Purchase Requisition,2011-06-25 06:53:22,2011-06-25 07:01:58,Role 1,84,1.1258027956176804,0
37,Analyze Purchase Requisition,2011-06-25 07:08:44,2011-06-25 07:14:24,Role 3,70,1.0333396297695505,0
30,Analyze Purchase Requisition,2011-06-25 08:15:13,2011-06-25 08:20:03,Role 3,67,1.0333396297695505,0
42,Analyze Purchase Requisition,2011-06-25 08:23:56,2011-06-25 08:27:35,Role 3,75,1.0333396297695505,0
60,Create Purchase Requisition,2011-06-25 09:21:47,2011-06-25 09:30:22,Role 1,83,1.1258027956176804,0
61,Create Purchase Requisition,2011-06-25 10:22:24,2011-06-25 10:30:59,Role 1,84,1.1258027956176804,0
62,Create Purchase Requisition,2011-06-25 11:01:27,2011-06-25 11:10:02,Role 1,85,1.1258027956176804,0
43,Analyze Purchase Requisition,2011-06-25 11:29:40,2011-06-25 11:33:19,Role 3,75,1.0333396297695505,0
63,Create Purchase Requisition,2011-06-25 12:21:08,2011-06-25 12:29:43,Role 1,86,1.1258027956176804,0
64,Create Purchase Requisition,2011-06-25 14:05:29,2011-06-25 14:14:03,Role 1,87,1.1258027956176804,0
19,Analyze Request for Quotation,2011-06-25 14:02:31,2011-06-25 14:16:03,Role 4,66,1.177465054778995,0
3,Analyze Request for Quotation,2011-06-25 15:21:09,2011-06-25 15:34:29,Role 4,65,1.177465054778995,0
46,Analyze Purchase Requisition,2011-06-25 15:45:36,2011-06-25 15:49:16,Role 3,77,1.0333396297695505,0
41,Analyze Purchase Requisition,2011-06-25 16:04:04,2011-06-25 16:07:21,Role 3,74,1.0333396297695505,0
65,Create Purchase Requisition,2011-06-25 16:19:05,2011-06-25 16:27:39,Role 1,87,1.1258027956176804,0
66,Create Purchase Requisition,2011-06-25 16:45:37,2011-06-25 16:54:11,Role 1,88,1.1258027956176804,0
4,Analyze Request for Quotation,2011-06-25 16:50:23,2011-06-25 17:03:45,Role 4,66,1.177465054778995,0
42,Amend Purchase Requisition,2011-06-25 17:22:34,2011-06-25 17:43:02,Role 1,82,1.0017944843218738,0
4,Amend Request for Quotation,2011-06-25 17:25:41,2011-06-25 17:46:37,Role 1,88,1.0573290517567058,0
7,Analyze Request for Quotation,2011-06-25 18:41:59,2011-06-25 18:56:11,Role 4,62,1.177465054778995,0
8,Analyze Request for Quotation,2011-06-25 19:05:13,2011-06-25 19:19:26,Role 4,62,1.177465054778995,0
59,Create Request for Quotation,2011-06-25 19:40:18,2011-06-25 19:54:46,Role 3,84,1.047317718171515,0
22,Analyze Request for Quotation,2011-06-25 20:49:35,2011-06-25 21:03:09,Role 4,67,1.177465054778995,0
43,Amend Purchase Requisition,2011-06-25 20:43:20,2011-06-25 21:03:43,Role 1,85,1.0017944843218738,0
60,Create Request for Quotation,2011-06-25 21:47:32,2011-06-25 22:02:07,Role 3,83,1.047317718171515,0
67,Create Purchase Requisition,2011-06-25 22:18:59,2011-06-25 22:27:32,Role 1,88,1.1258027956176804,0
61,Create Request for Quotation,2011-06-25 23:09:19,2011-06-25 23:23:56,Role 3,84,1.047317718171515,0
18,Send Request for Quotation to Supplier,2011-06-25 21:44:21,2011-06-25 23:50:53,Role 4,80,1.0722516055912354,0
68,Create Purchase Requisition,2011-06-25 23:50:04,2011-06-25 23:58:38,Role 1,89,1.1258027956176804,0
62,Create Request for Quotation,2011-06-26 00:10:03,2011-06-26 00:24:18,Role 3,85,1.047317718171515,0
46,Amend Purchase Requisition,2011-06-26 01:21:06,2011-06-26 01:41:22,Role 1,87,1.0017944843218738,0
63,Create Request for Quotation,2011-06-26 01:51:56,2011-06-26 02:06:15,Role 3,86,1.047317718171515,0
50,Analyze Purchase Requisition,2011-06-26 02:21:00,2011-06-26 02:25:00,Role 3,79,1.0333396297695505,0
24,Analyze Request for Quotation,2011-06-26 02:48:22,2011-06-26 03:02:16,Role 4,71,1.177465054778995,0
69,Create Purchase Requisition,2011-06-26 03:36:06,2011-06-26 03:44:39,Role 1,90,1.1258027956176804,0
26,Analyze Request for Quotation,2011-06-26 04:45:08,2011-06-26 04:59:01,Role 4,71,1.177465054778995,0
70,Create Purchase Requisition,2011-06-26 05:02:13,2011-06-26 05:10:45,Role 1,91,1.1258027956176804,0
52,Analyze Purchase Requisition,2011-06-26 05:57:31,2011-06-26 06:01:32,Role 3,79,1.0333396297695505,0
71,Create Purchase Requisition,2011-06-26 06:03:14,2011-06-26 06:11:45,Role 1,91,1.1258027956176804,0
58,Create Request for Quotation,2011-06-26 06:18:02,2011-06-26 06:32:36,Role 3,83,1.047317718171515,0
24,Amend Request for Quotation,2011-06-26 06:41:09,2011-06-26 07:01:53,Role 1,89,1.0573290517567058,0
72,Create Purchase Requisition,2011-06-26 06:54:52,2011-06-26 07:03:19,Role 1,92,1.1258027956176804,0
66,Create Request for Quotation,2011-06-26 07:02:24,2011-06-26 07:16:54,Role 3,88,1.047317718171515,0
73,Create Purchase Requisition,2011-06-26 08:09:59,2011-06-26 08:18:28,Role 1,93,1.1258027956176804,0
15,Analyze Request for Quotation,2011-06-26 08:14:27,2011-06-26 08:28:12,Role 4,66,1.177465054778995,0
26,Amend Request for Quotation,2011-06-26 08:15:45,2011-06-26 08:36:29,Role 1,90,1.0573290517567058,0
18,Create Quotation comparison Map,2011-06-26 08:33:54,2011-06-26 08:49:39,Role 4,89,1.4004533434076314,0
15,Amend Request for Quotation,2011-06-26 08:57:00,2011-06-26 09:16:51,Role 1,93,1.0573290517567058,0
19,Send Request for Quotation to Supplier,2011-06-26 07:29:02,2011-06-26 09:41:48,Role 4,87,1.0722516055912354,0
49,Analyze Purchase Requisition,2011-06-26 10:24:18,2011-06-26 10:27:55,Role 3,78,1.0333396297695505,0
31,Analyze Request for Quotation,2011-06-26 10:23:20,2011-06-26 10:38:36,Role 4,71,1.177465054778995,0
28,Analyze Request for Quotation,2011-06-26 11:07:24,2011-06-26 11:21:20,Role 4,72,1.177465054778995,0
74,Create Purchase Requisition,2011-06-26 11:38:13,2011-06-26 11:46:38,Role 1,93,1.1258027956176804,0
75,Create Purchase Requisition,2011-06-26 14:02:07,2011-06-26 14:10:30,Role 1,94,1.1258027956176804,0
32,Analyze Request for Quotation,2011-06-26 14:29:23,2011-06-26 14:43:38,Role 4,72,1.177465054778995,0
68,Create Request for Quotation,2011-06-26 14:30:39,2011-06-26 14:45:27,Role 3,89,1.047317718171515,0
3,Send Request for Quotation to Supplier,2011-06-26 11:43:49,2011-06-26 14:54:00,Role 4,87,1.0722516055912354,0
31,Amend Request for Quotation,2011-06-26 14:39:37,2011-06-26 15:02:14,Role 1,92,1.0573290517567058,0
11,Analyze Request for Quotation,2011-06-26 15:25:50,2011-06-26 15:40:11,Role 4,71,1.177465054778995,0
18,Analyze Quotation Comparison Map,2011-06-26 15:43:06,2011-06-26 15:43:18,Role 1,93,1.0646014355874576,0
76,Create Purchase Requisition,2011-06-26 15:35:08,2011-06-26 15:43:30,Role 1,94,1.1258027956176804,0
14,Analyze Request for Quotation,2011-06-26 15:37:29,2011-06-26 15:51:11,Role 4,77,2.1774650547789953,0
77,Create Purchase Requisition,2011-06-26 15:49:30,2011-06-26 15:57:51,Role 1,95,1.1258027956176804,0
33,Analyze Request for Quotation,2011-06-26 15:50:32,2011-06-26 16:03:58,Role 4,74,2.1774650547789953,0
22,Send Request for Quotation to Supplier,2011-06-26 14:04:33,2011-06-26 16:34:43,Role 4,87,2.0722516055912354,0
42,Analyze Purchase Requisition,2011-06-26 16:48:37,2011-06-26 16:59:16,Role 3,88,1.0333396297695505,0
54,Analyze Purchase Requisition,2011-06-26 17:17:38,2011-06-26 17:21:59,Role 3,81,1.0333396297695505,0
78,Create Purchase Requisition,2011-06-26 17:17:36,2011-06-26 17:25:52,Role 1,94,1.1258027956176804,0
53,Analyze Purchase Requisition,2011-06-26 17:27:04,2011-06-26 17:30:14,Role 3,80,1.0333396297695505,0
70,Create Request for Quotation,2011-06-26 17:25:47,2011-06-26 17:37:36,Role 3,91,1.047317718171515,0
79,Create Purchase Requisition,2011-06-26 18:09:28,2011-06-26 18:17:42,Role 1,95,1.1258027956176804,0
55,Analyze Purchase Requisition,2011-06-26 18:14:11,2011-06-26 18:18:11,Role 3,81,1.0333396297695505,0
54,Create Request for Quotation,2011-06-26 18:01:10,2011-06-26 18:22:04,Role 3,94,1.047317718171515,0
19,Create Quotation comparison Map,2011-06-26 18:53:08,2011-06-26 19:09:51,Role 4,93,1.4004533434076314,0
50,Amend Purchase Requisition,2011-06-26 19:21:16,2011-06-26 19:40:00,Role 1,89,1.0017944843218738,0
35,Analyze Request for Quotation,2011-06-26 19:36:31,2011-06-26 19:50:13,Role 4,74,1.177465054778995,0
56,Analyze Purchase Requisition,2011-06-26 19:49:43,2011-06-26 19:54:05,Role 3,82,1.0333396297695505,0
53,Create Request for Quotation,2011-06-26 19:55:35,2011-06-26 20:17:46,Role 3,94,1.047317718171515,0
43,Analyze Purchase Requisition,2011-06-26 20:13:14,2011-06-26 20:24:00,Role 3,87,1.0333396297695505,0
8,Send Request for Quotation to Supplier,2011-06-26 17:20:17,2011-06-26 20:34:54,Role 4,87,1.0722516055912354,0
80,Create Purchase Requisition,2011-06-26 21:34:55,2011-06-26 21:43:03,Role 1,94,1.1258027956176804,0
55,Create Request for Quotation,2011-06-26 22:22:29,2011-06-26 22:43:50,Role 3,95,1.047317718171515,0
81,Create Purchase Requisition,2011-06-26 23:12:49,2011-06-26 23:20:54,Role 1,95,1.1258027956176804,0
82,Create Purchase Requisition,2011-06-27 00:08:57,2011-06-27 00:17:32,Role 1,96,1.1258027956176804,0
18,Choose best option,2011-06-26 15:58:07,2011-06-27 00:22:17,Role 1,94,1.0,0
46,Analyze Purchase Requisition,2011-06-27 00:17:46,2011-06-27 00:27:29,Role 3,89,1.0333396297695505,0
3,Create Quotation comparison Map,2011-06-27 00:21:57,2011-06-27 00:39:12,Role 4,93,1.4004533434076314,0
38,Analyze Request for Quotation,2011-06-27 00:34:27,2011-06-27 00:50:24,Role 4,77,1.177465054778995,0
83,Create Purchase Requisition,2011-06-27 01:26:03,2011-06-27 01:34:37,Role 1,95,1.1258027956176804,0
22,Create Quotation comparison Map,2011-06-27 01:37:36,2011-06-27 01:53:50,Role 4,94,1.4004533434076314,0
44,Analyze Request for Quotation,2011-06-27 01:50:06,2011-06-27 02:03:52,Role 4,77,1.177465054778995,0
19,Analyze Quotation Comparison Map,2011-06-27 02:09:37,2011-06-27 02:09:59,Role 1,95,1.0646014355874576,0
84,Create Purchase Requisition,2011-06-27 02:37:26,2011-06-27 02:45:57,Role 1,96,1.1258027956176804,0
85,Create Purchase Requisition,2011-06-27 03:07:33,2011-06-27 03:16:03,Role 1,97,1.1258027956176804,0
45,Analyze Request for Quotation,2011-06-27 03:28:45,2011-06-27 03:43:24,Role 4,78,1.177465054778995,0
57,Analyze Purchase Requisition,2011-06-27 04:30:46,2011-06-27 04:36:19,Role 3,83,1.0333396297695505,0
44,Amend Request for Quotation,2011-06-27 04:58:40,2011-06-27 05:18:16,Role 1,95,1.0573290517567058,0
86,Create Purchase Requisition,2011-06-27 05:21:09,2011-06-27 05:29:36,Role 1,98,1.1258027956176804,0
48,Analyze Request for Quotation,2011-06-27 05:42:30,2011-06-27 05:57:04,Role 4,80,1.177465054778995,0
43,Amend Purchase Requisition,2011-06-27 05:54:40,2011-06-27 06:13:24,Role 1,93,1.0017944843218738,0
87,Create Purchase Requisition,2011-06-27 06:12:56,2011-06-27 06:21:21,Role 1,99,1.1258027956176804,0
47,Analyze Request for Quotation,2011-06-27 06:59:34,2011-06-27 07:14:07,Role 4,78,1.177465054778995,0
45,Amend Request for Quotation,2011-06-27 07:00:23,2011-06-27 07:20:11,Role 1,97,1.0573290517567058,0
3,Analyze Quotation Comparison Map,2011-06-27 07:35:17,2011-06-27 07:36:00,Role 1,95,1.0646014355874576,0
8,Create Quotation comparison Map,2011-06-27 07:38:16,2011-06-27 07:55:27,Role 4,93,1.4004533434076314,0
64,Analyze Purchase Requisition,2011-06-27 08:32:15,2011-06-27 08:38:03,Role 3,87,1.0333396297695505,0
22,Analyze Quotation Comparison Map,2011-06-27 08:51:19,2011-06-27 08:51:30,Role 1,95,1.0646014355874576,0
88,Create Purchase Requisition,2011-06-27 08:56:06,2011-06-27 09:04:28,Role 1,98,1.1258027956176804,0
28,Send Request for Quotation to Supplier,2011-06-27 08:12:25,2011-06-27 09:21:43,Role 4,92,1.0722516055912354,0
39,Analyze Request for Quotation,2011-06-27 09:26:55,2011-06-27 09:41:53,Role 4,78,1.177465054778995,0
19,Choose best option,2011-06-27 02:18:30,2011-06-27 10:33:42,Role 1,95,1.0,0
21,Analyze Request for Quotation,2011-06-27 10:27:27,2011-06-27 10:43:08,Role 4,77,1.177465054778995,0
65,Analyze Purchase Requisition,2011-06-27 10:45:51,2011-06-27 10:51:41,Role 3,87,1.0333396297695505,0
69,Analyze Purchase Requisition,2011-06-27 11:08:18,2011-06-27 11:12:59,Role 3,90,1.0333396297695505,0
89,Create Purchase Requisition,2011-06-27 11:19:20,2011-06-27 11:27:39,Role 1,97,1.1258027956176804,0
51,Analyze Request for Quotation,2011-06-27 11:29:34,2011-06-27 11:43:21,Role 4,83,1.177465054778995,0
11,Send Request for Quotation to Supplier,2011-06-27 09:41:10,2011-06-27 12:13:08,Role 4,94,1.0722516055912354,0
40,Analyze Request for Quotation,2011-06-27 12:23:44,2011-06-27 12:37:56,Role 4,78,1.177465054778995,0
28,Create Quotation comparison Map,2011-06-27 12:40:50,2011-06-27 12:56:02,Role 4,98,1.4004533434076314,0
11,Create Quotation comparison Map,2011-06-27 13:36:01,2011-06-27 13:53:18,Role 4,96,1.4004533434076314,0
71,Analyze Purchase Requisition,2011-06-27 13:53:28,2011-06-27 13:58:10,Role 3,91,1.0333396297695505,0
90,Create Purchase Requisition,2011-06-27 14:00:12,2011-06-27 14:08:27,Role 1,96,1.1258027956176804,0
39,Amend Request for Quotation,2011-06-27 13:53:24,2011-06-27 14:13:12,Role 1,98,1.0573290517567058,0
8,Analyze Quotation Comparison Map,2011-06-27 14:53:48,2011-06-27 14:54:21,Role 1,98,1.0646014355874576,0
14,Send Request for Quotation to Supplier,2011-06-27 11:38:07,2011-06-27 15:01:39,Role 4,95,2.0722516055912354,0
3,Choose best option,2011-06-27 07:44:28,2011-06-27 15:18:20,Role 1,98,2.0,0
22,Choose best option,2011-06-27 09:05:32,2011-06-27 15:33:21,Role 1,97,3.0,0
91,Create Purchase Requisition,2011-06-27 15:47:30,2011-06-27 15:55:47,Role 1,97,1.1258027956176804,0
50,Analyze Purchase Requisition,2011-06-27 16:06:11,2011-06-27 16:16:09,Role 3,95,1.0333396297695505,0
14,Create Quotation comparison Map,2011-06-27 16:17:18,2011-06-27 16:36:08,Role 4,96,1.4004533434076314,0
73,Analyze Purchase Requisition,2011-06-27 16:37:35,2011-06-27 16:42:19,Role 3,93,1.0333396297695505,0
67,Analyze Purchase Requisition,2011-06-27 17:19:40,2011-06-27 17:25:35,Role 3,88,1.0333396297695505,0
92,Create Purchase Requisition,2011-06-27 17:17:39,2011-06-27 17:25:55,Role 1,96,1.1258027956176804,0
26,Analyze Request for Quotation,2011-06-27 17:55:19,2011-06-27 18:09:18,Role 4,93,1.177465054778995,0
82,Create Request for Quotation,2011-06-27 18:32:21,2011-06-27 18:43:16,Role 3,96,1.047317718171515,0
26,Amend Request for Quotation,2011-06-27 18:31:54,2011-06-27 18:51:10,Role 1,96,1.0573290517567058,0
58,Analyze Request for Quotation,2011-06-27 19:18:03,2011-06-27 19:32:40,Role 4,91,1.177465054778995,0
57,Amend Purchase Requisition,2011-06-27 19:18:03,2011-06-27 19:38:11,Role 1,97,1.0017944843218738,0
24,Analyze Request for Quotation,2011-06-27 19:36:49,2011-06-27 19:50:40,Role 4,92,1.177465054778995,0
28,Analyze Quotation Comparison Map,2011-06-27 19:51:10,2011-06-27 19:51:28,Role 1,96,1.0646014355874576,0
74,Analyze Purchase Requisition,2011-06-27 20:05:45,2011-06-27 20:10:31,Role 3,93,1.0333396297695505,0
72,Analyze Purchase Requisition,2011-06-27 20:22:12,2011-06-27 20:26:57,Role 3,92,1.0333396297695505,0
4,Analyze Request for Quotation,2011-06-27 20:17:49,2011-06-27 20:33:10,Role 4,88,1.177465054778995,0
93,Create Purchase Requisition,2011-06-27 20:28:13,2011-06-27 20:36:24,Role 1,96,1.1258027956176804,0
11,Analyze Quotation Comparison Map,2011-06-27 20:52:38,2011-06-27 20:54:13,Role 1,96,1.0646014355874576,0
84,Create Request for Quotation,2011-06-27 21:00:46,2011-06-27 21:11:47,Role 3,96,1.047317718171515,0
8,Choose best option,2011-06-27 15:06:54,2011-06-27 21:41:36,Role 1,96,3.0,0
85,Create Request for Quotation,2011-06-27 21:56:28,2011-06-27 22:07:29,Role 3,97,1.047317718171515,0
75,Analyze Purchase Requisition,2011-06-27 22:48:57,2011-06-27 22:53:45,Role 3,94,1.0333396297695505,0
94,Create Purchase Requisition,2011-06-27 23:07:16,2011-06-27 23:15:26,Role 1,97,1.1258027956176804,0
14,Analyze Quotation Comparison Map,2011-06-27 23:40:12,2011-06-27 23:40:30,Role 1,96,1.0646014355874576,0
15,Analyze Request for Quotation,2011-06-27 23:37:28,2011-06-27 23:51:43,Role 4,93,1.177465054778995,0
76,Analyze Purchase Requisition,2011-06-28 00:21:57,2011-06-28 00:27:28,Role 3,94,1.0333396297695505,0
86,Create Request for Quotation,2011-06-28 00:36:02,2011-06-28 00:48:01,Role 3,98,1.047317718171515,0
87,Create Request for Quotation,2011-06-28 00:40:37,2011-06-28 00:50:20,Role 3,99,2.0473177181715148,0
77,Analyze Purchase Requisition,2011-06-28 00:56:05,2011-06-28 01:01:36,Role 3,95,1.0333396297695505,0
18,Settle Conditions With Supplier,2011-06-28 00:52:07,2011-06-28 01:01:51,Role 4,96,1.8897808840196448,0
27,Analyze Request for Quotation,2011-06-28 00:59:52,2011-06-28 01:14:30,Role 4,80,1.177465054778995,0
59,Analyze Request for Quotation,2011-06-28 01:01:51,2011-06-28 01:15:58,Role 4,87,2.1774650547789953,0
76,Create Request for Quotation,2011-06-28 00:57:47,2011-06-28 01:16:57,Role 3,96,1.047317718171515,0
60,Analyze Request for Quotation,2011-06-28 01:19:31,2011-06-28 01:34:04,Role 4,87,1.177465054778995,0
58,Amend Request for Quotation,2011-06-28 01:15:41,2011-06-28 01:35:34,Role 1,96,1.0573290517567058,0
43,Analyze Purchase Requisition,2011-06-28 01:49:36,2011-06-28 02:00:01,Role 3,99,1.0333396297695505,0
95,Create Purchase Requisition,2011-06-28 01:55:33,2011-06-28 02:04:16,Role 1,96,1.1258027956176804,0
27,Amend Request for Quotation,2011-06-28 01:51:29,2011-06-28 02:11:23,Role 1,95,1.0573290517567058,0
43,Create Request for Quotation,2011-06-28 02:14:19,2011-06-28 02:32:19,Role 3,96,1.047317718171515,0
61,Analyze Request for Quotation,2011-06-28 02:48:39,2011-06-28 03:03:13,Role 4,88,1.177465054778995,0
88,Create Request for Quotation,2011-06-28 02:58:31,2011-06-28 03:10:55,Role 3,98,1.047317718171515,0
11,Choose best option,2011-06-27 20:58:30,2011-06-28 03:13:48,Role 1,96,3.0,0
28,Choose best option,2011-06-27 20:01:44,2011-06-28 03:50:39,Role 1,96,2.0,0
48,Send Request for Quotation to Supplier,2011-06-28 00:57:09,2011-06-28 04:02:46,Role 4,98,1.0722516055912354,0
31,Analyze Request for Quotation,2011-06-28 04:10:09,2011-06-28 04:24:46,Role 4,93,1.177465054778995,0
96,Create Purchase Requisition,2011-06-28 04:38:11,2011-06-28 04:47:02,Role 1,97,1.1258027956176804,0
3,Settle Conditions With Supplier,2011-06-28 04:39:48,2011-06-28 04:49:46,Role 4,96,1.8897808840196448,0
31,Amend Request for Quotation,2011-06-28 04:55:42,2011-06-28 05:15:11,Role 1,96,1.0573290517567058,0
62,Analyze Request for Quotation,2011-06-28 05:12:14,2011-06-28 05:26:47,Role 4,89,1.177465054778995,0
97,Create Purchase Requisition,2011-06-28 05:31:19,2011-06-28 05:40:10,Role 1,97,1.1258027956176804,0
80,Analyze Purchase Requisition,2011-06-28 05:37:19,2011-06-28 05:42:40,Role 3,94,1.0333396297695505,0
79,Create Request for Quotation,2011-06-28 05:31:09,2011-06-28 05:45:09,Role 3,95,1.047317718171515,0
69,Amend Purchase Requisition,2011-06-28 05:31:37,2011-06-28 05:50:33,Role 1,96,1.0017944843218738,0
98,Create Purchase Requisition,2011-06-28 06:25:35,2011-06-28 06:34:25,Role 1,98,1.1258027956176804,0
63,Analyze Request for Quotation,2011-06-28 06:51:26,2011-06-28 07:06:00,Role 4,89,1.177465054778995,0
14,Choose best option,2011-06-27 23:54:59,2011-06-28 07:12:03,Role 1,97,3.0,0
78,Analyze Purchase Requisition,2011-06-28 07:22:47,2011-06-28 07:28:00,Role 3,94,1.0333396297695505,0
80,Create Request for Quotation,2011-06-28 07:10:23,2011-06-28 07:31:37,Role 3,97,1.047317718171515,0
81,Analyze Purchase Requisition,2011-06-28 07:33:44,2011-06-28 07:39:30,Role 3,95,1.0333396297695505,0
61,Amend Request for Quotation,2011-06-28 07:43:19,2011-06-28 08:03:23,Role 1,96,1.0573290517567058,0
81,Create Request for Quotation,2011-06-28 08:07:59,2011-06-28 08:28:50,Role 3,97,1.047317718171515,0
34,Analyze Request for Quotation,2011-06-28 08:53:41,2011-06-28 09:09:28,Role 4,82,1.177465054778995,0
99,Create Purchase Requisition,2011-06-28 09:13:43,2011-06-28 09:22:34,Role 1,97,1.1258027956176804,0
48,Create Quotation comparison Map,2011-06-28 09:31:18,2011-06-28 09:45:49,Role 4,96,1.4004533434076314,0
68,Analyze Request for Quotation,2011-06-28 10:06:17,2011-06-28 10:20:40,Role 4,93,1.177465054778995,0
100,Create Purchase Requisition,2011-06-28 10:26:43,2011-06-28 10:35:33,Role 1,98,1.1258027956176804,0
40,Send Request for Quotation to Supplier,2011-06-28 07:25:32,2011-06-28 10:37:32,Role 4,96,1.0722516055912354,0
101,Create Purchase Requisition,2011-06-28 10:44:34,2011-06-28 10:53:23,Role 1,99,1.1258027956176804,0
18,Create Purchase Order,2011-06-28 10:52:29,2011-06-28 11:05:54,Role 4,95,1.0480732905175671,1
22,Settle Conditions With Supplier,2011-06-28 10:58:07,2011-06-28 11:08:00,Role 4,96,1.8897808840196448,0
19,Settle Conditions With Supplier,2011-06-28 11:17:14,2011-06-28 11:26:38,Role 4,98,1.8897808840196448,0
3,Create Purchase Order,2011-06-28 11:33:53,2011-06-28 11:46:55,Role 4,97,1.0480732905175671,0
92,Create Request for Quotation,2011-06-28 11:40:44,2011-06-28 11:53:07,Role 3,96,1.047317718171515,0
11,Settle Conditions With Supplier,2011-06-28 11:52:32,2011-06-28 12:02:47,Role 4,96,1.8897808840196448,0
63,Amend Request for Quotation,2011-06-28 12:02:04,2011-06-28 12:22:59,Role 1,98,1.0573290517567058,0
55,Analyze Request for Quotation,2011-06-28 12:19:33,2011-06-28 12:35:14,Role 4,94,1.177465054778995,0
66,Analyze Request for Quotation,2011-06-28 12:43:35,2011-06-28 12:58:13,Role 4,92,1.177465054778995,0
68,Amend Request for Quotation,2011-06-28 12:48:59,2011-06-28 13:09:37,Role 1,97,1.0573290517567058,0
44,Analyze Request for Quotation,2011-06-28 13:02:25,2011-06-28 13:15:22,Role 4,97,1.177465054778995,0
45,Analyze Request for Quotation,2011-06-28 13:20:45,2011-06-28 13:33:45,Role 4,98,1.177465054778995,0
93,Create Request for Quotation,2011-06-28 13:41:18,2011-06-28 13:54:05,Role 3,96,1.047317718171515,0
67,Amend Purchase Requisition,2011-06-28 13:36:48,2011-06-28 13:55:29,Role 1,96,1.0017944843218738,0
8,Settle Conditions With Supplier,2011-06-28 13:54:32,2011-06-28 14:04:38,Role 4,96,1.8897808840196448,0
57,Analyze Purchase Requisition,2011-06-28 13:56:33,2011-06-28 14:05:34,Role 3,96,1.0333396297695505,0
53,Analyze Request for Quotation,2011-06-28 13:57:18,2011-06-28 14:11:42,Role 4,93,1.177465054778995,0
45,Amend Request for Quotation,2011-06-28 13:55:35,2011-06-28 14:15:43,Role 1,98,1.0573290517567058,0
54,Analyze Request for Quotation,2011-06-28 14:04:04,2011-06-28 14:19:23,Role 4,95,2.1774650547789953,0
74,Amend Purchase Requisition,2011-06-28 14:42:20,2011-06-28 15:01:18,Role 1,96,1.0017944843218738,0
83,Analyze Purchase Requisition,2011-06-28 15:12:56,2011-06-28 15:16:56,Role 3,95,1.0333396297695505,0
83,Create Request for Quotation,2011-06-28 15:38:27,2011-06-28 15:57:21,Role 3,97,1.047317718171515,0
48,Analyze Quotation Comparison Map,2011-06-28 16:35:59,2011-06-28 16:36:31,Role 1,97,1.0646014355874576,0
14,Settle Conditions With Supplier,2011-06-28 16:56:37,2011-06-28 17:07:01,Role 4,98,1.8897808840196448,0
4,Send Request for Quotation to Supplier,2011-06-28 14:15:32,2011-06-28 17:39:51,Role 4,96,1.0722516055912354,0
75,Amend Purchase Requisition,2011-06-28 17:29:47,2011-06-28 17:48:24,Role 1,96,1.0017944843218738,0
40,Create Quotation comparison Map,2011-06-28 17:39:27,2011-06-28 17:53:57,Role 4,98,1.4004533434076314,0
66,Amend Request for Quotation,2011-06-28 17:58:58,2011-06-28 18:20:02,Role 1,99,1.0573290517567058,0
24,Send Request for Quotation to Supplier,2011-06-28 15:29:52,2011-06-28 18:39:30,Role 4,96,2.0722516055912354,0
57,Amend Purchase Requisition,2011-06-28 18:55:45,2011-06-28 19:11:46,Role 1,98,1.0017944843218738,0
11,Create Purchase Order,2011-06-28 19:09:38,2011-06-28 19:23:11,Role 4,99,1.0480732905175671,0
22,Create Purchase Order,2011-06-28 19:18:41,2011-06-28 19:31:02,Role 4,99,2.048073290517567,0
39,Analyze Request for Quotation,2011-06-28 20:02:04,2011-06-28 20:15:01,Role 4,96,1.177465054778995,0
60,Send Request for Quotation to Supplier,2011-06-28 18:45:26,2011-06-28 20:25:46,Role 4,95,1.0722516055912354,0
39,Amend Request for Quotation,2011-06-28 20:35:52,2011-06-28 20:55:51,Role 1,97,1.0573290517567058,0
70,Analyze Request for Quotation,2011-06-28 20:58:46,2011-06-28 21:12:52,Role 4,94,1.177465054778995,0
19,Create Purchase Order,2011-06-28 21:18:05,2011-06-28 21:30:26,Role 4,99,1.0480732905175671,0
8,Create Purchase Order,2011-06-28 21:39:11,2011-06-28 21:52:06,Role 4,98,1.0480732905175671,0
59,Send Request for Quotation to Supplier,2011-06-28 20:09:39,2011-06-28 22:52:07,Role 4,95,2.0722516055912354,0
89,Analyze Purchase Requisition,2011-06-28 23:34:21,2011-06-28 23:38:49,Role 3,97,1.0333396297695505,0
14,Create Purchase Order,2011-06-28 23:32:44,2011-06-28 23:47:00,Role 4,97,1.0480732905175671,0
89,Create Request for Quotation,2011-06-28 23:57:53,2011-06-29 00:17:30,Role 3,97,1.047317718171515,0
90,Analyze Purchase Requisition,2011-06-29 00:32:54,2011-06-29 00:38:03,Role 3,96,1.0333396297695505,0
40,Analyze Quotation Comparison Map,2011-06-29 00:48:20,2011-06-29 00:48:30,Role 1,97,1.0646014355874576,0
90,Create Request for Quotation,2011-06-29 01:09:23,2011-06-29 01:28:00,Role 3,97,1.047317718171515,0
26,Analyze Request for Quotation,2011-06-29 01:15:24,2011-06-29 01:29:26,Role 4,96,1.177465054778995,0
48,Choose best option,2011-06-28 17:09:25,2011-06-29 01:37:07,Role 1,97,1.0,0
60,Create Quotation comparison Map,2011-06-29 01:46:01,2011-06-29 02:00:53,Role 4,97,1.4004533434076314,0
69,Analyze Purchase Requisition,2011-06-29 02:11:26,2011-06-29 02:21:00,Role 3,97,1.0333396297695505,0
4,Create Quotation comparison Map,2011-06-29 02:13:41,2011-06-29 02:30:51,Role 4,97,1.4004533434076314,0
28,Settle Conditions With Supplier,2011-06-29 03:04:06,2011-06-29 03:14:05,Role 4,96,1.8897808840196448,0
59,Create Quotation comparison Map,2011-06-29 04:51:47,2011-06-29 05:07:16,Role 4,97,1.4004533434076314,0
91,Analyze Purchase Requisition,2011-06-29 05:19:04,2011-06-29 05:23:50,Role 3,97,1.0333396297695505,0
100,Create Request for Quotation,2011-06-29 05:36:22,2011-06-29 05:47:54,Role 3,98,1.047317718171515,0
24,Create Quotation comparison Map,2011-06-29 06:38:19,2011-06-29 06:54:33,Role 4,97,1.4004533434076314,0
69,Amend Purchase Requisition,2011-06-29 07:46:38,2011-06-29 08:04:22,Role 1,97,1.0017944843218738,0
60,Analyze Quotation Comparison Map,2011-06-29 08:48:42,2011-06-29 08:49:15,Role 1,97,1.0646014355874576,0
67,Analyze Purchase Requisition,2011-06-29 09:10:42,2011-06-29 09:19:45,Role 3,98,1.0333396297695505,0
4,Analyze Quotation Comparison Map,2011-06-29 09:22:41,2011-06-29 09:23:47,Role 1,97,1.0646014355874576,0
40,Choose best option,2011-06-29 01:27:37,2011-06-29 09:48:53,Role 1,97,2.0,0
67,Create Request for Quotation,2011-06-29 09:43:51,2011-06-29 10:03:08,Role 3,96,1.047317718171515,0
95,Analyze Purchase Requisition,2011-06-29 11:05:02,2011-06-29 11:09:49,Role 3,96,1.0333396297695505,0
94,Analyze Purchase Requisition,2011-06-29 11:22:08,2011-06-29 11:27:00,Role 3,97,2.0333396297695505,0
74,Analyze Purchase Requisition,2011-06-29 11:21:28,2011-06-29 11:30:59,Role 3,97,1.0333396297695505,0
59,Analyze Quotation Comparison Map,2011-06-29 11:54:55,2011-06-29 11:55:07,Role 1,97,1.0646014355874576,0
18,Confirm Purchase Order,2011-06-29 06:10:38,2011-06-29 12:04:14,Role 2,99,3.0675292784284096,0
95,Create Request for Quotation,2011-06-29 11:50:28,2011-06-29 12:10:54,Role 3,96,1.047317718171515,0
55,Send Request for Quotation to Supplier,2011-06-29 09:41:32,2011-06-29 12:46:12,Role 4,99,1.0722516055912354,0
43,Analyze Request for Quotation,2011-06-29 12:49:56,2011-06-29 13:02:22,Role 4,96,1.177465054778995,0
94,Create Request for Quotation,2011-06-29 13:03:09,2011-06-29 13:23:32,Role 3,96,1.047317718171515,0
28,Create Purchase Order,2011-06-29 13:21:36,2011-06-29 13:35:50,Role 4,97,1.0480732905175671,0
24,Analyze Quotation Comparison Map,2011-06-29 13:42:03,2011-06-29 13:43:30,Role 1,96,1.0646014355874576,0
58,Analyze Request for Quotation,2011-06-29 13:50:02,2011-06-29 14:03:46,Role 4,95,1.177465054778995,0
75,Analyze Purchase Requisition,2011-06-29 14:08:18,2011-06-29 14:17:55,Role 3,97,1.0333396297695505,0
79,Analyze Request for Quotation,2011-06-29 14:16:42,2011-06-29 14:30:35,Role 4,97,1.177465054778995,0
54,Send Request for Quotation to Supplier,2011-06-29 11:44:24,2011-06-29 15:06:56,Role 4,97,2.0722516055912354,0
82,Analyze Request for Quotation,2011-06-29 15:22:23,2011-06-29 15:35:42,Role 4,96,1.177465054778995,0
57,Analyze Purchase Requisition,2011-06-29 15:58:40,2011-06-29 16:08:48,Role 3,97,1.0333396297695505,0
57,Create Request for Quotation,2011-06-29 16:18:45,2011-06-29 16:38:47,Role 3,93,1.047317718171515,0
96,Analyze Purchase Requisition,2011-06-29 16:57:58,2011-06-29 17:02:21,Role 3,97,1.0333396297695505,0
60,Choose best option,2011-06-29 09:09:18,2011-06-29 17:20:07,Role 1,96,2.0,0
74,Amend Purchase Requisition,2011-06-29 17:23:05,2011-06-29 17:40:30,Role 1,96,1.0017944843218738,0
4,Choose best option,2011-06-29 09:51:33,2011-06-29 17:59:23,Role 1,96,2.0,0
84,Analyze Request for Quotation,2011-06-29 17:50:54,2011-06-29 18:03:50,Role 4,96,1.177465054778995,0
85,Analyze Request for Quotation,2011-06-29 18:37:31,2011-06-29 18:50:28,Role 4,96,1.177465054778995,0
70,Send Request for Quotation to Supplier,2011-06-29 17:06:43,2011-06-29 18:55:51,Role 4,97,1.0722516055912354,0
97,Create Request for Quotation,2011-06-29 18:47:22,2011-06-29 18:58:27,Role 3,97,1.047317718171515,0
98,Analyze Purchase Requisition,2011-06-29 19:07:24,2011-06-29 19:11:48,Role 3,98,1.0333396297695505,0
98,Create Request for Quotation,2011-06-29 19:51:51,2011-06-29 20:12:33,Role 3,93,1.047317718171515,0
24,Choose best option,2011-06-29 15:24:43,2011-06-29 20:15:10,Role 1,95,4.0,0
59,Choose best option,2011-06-29 13:01:23,2011-06-29 20:52:44,Role 1,96,3.0,0
22,Confirm Purchase Order,2011-06-29 14:55:07,2011-06-29 21:59:00,Role 2,97,5.06752927842841,0
61,Analyze Request for Quotation,2011-06-29 22:20:03,2011-06-29 22:33:10,Role 4,97,1.177465054778995,0
99,Analyze Purchase Requisition,2011-06-29 22:33:01,2011-06-29 22:37:16,Role 3,97,1.0333396297695505,0
3,Confirm Purchase Order,2011-06-28 20:32:16,2011-06-29 22:39:14,Role 2,99,1.0675292784284096,0
26,Send Request for Quotation to Supplier,2011-06-29 20:45:25,2011-06-29 23:20:35,Role 4,97,1.0722516055912354,0
85,Amend Request for Quotation,2011-06-30 00:01:42,2011-06-30 00:20:41,Role 1,93,1.0573290517567058,0
27,Analyze Request for Quotation,2011-06-30 00:30:43,2011-06-30 00:44:34,Role 4,96,1.177465054778995,0
101,Analyze Purchase Requisition,2011-06-30 00:50:53,2011-06-30 00:56:19,Role 3,99,1.0333396297695505,0
27,Amend Request for Quotation,2011-06-30 01:04:09,2011-06-30 01:24:05,Role 1,93,1.0573290517567058,0
11,Confirm Purchase Order,2011-06-29 03:39:41,2011-06-30 02:33:43,Role 2,97,2.0675292784284096,0
19,Confirm Purchase Order,2011-06-29 21:59:00,2011-06-30 02:48:58,Role 2,97,5.06752927842841,0
54,Create Quotation comparison Map,2011-06-30 03:20:17,2011-06-30 03:37:17,Role 4,93,1.4004533434076314,0
68,Analyze Request for Quotation,2011-06-30 03:49:30,2011-06-30 04:02:46,Role 4,99,1.177465054778995,0
69,Analyze Purchase Requisition,2011-06-30 04:07:11,2011-06-30 04:17:48,Role 3,96,1.0333396297695505,0
31,Analyze Request for Quotation,2011-06-30 04:28:48,2011-06-30 04:42:27,Role 4,97,1.177465054778995,0
69,Create Request for Quotation,2011-06-30 04:27:05,2011-06-30 04:46:19,Role 3,91,1.047317718171515,0
31,Amend Request for Quotation,2011-06-30 04:59:28,2011-06-30 05:19:10,Role 1,91,1.0573290517567058,0
4,Settle Conditions With Supplier,2011-06-30 05:39:44,2011-06-30 05:49:21,Role 4,93,1.8897808840196448,0
45,Analyze Request for Quotation,2011-06-30 06:32:31,2011-06-30 06:47:28,Role 4,97,1.177465054778995,0
45,Amend Request for Quotation,2011-06-30 07:02:15,2011-06-30 07:23:44,Role 1,91,1.0573290517567058,0
70,Create Quotation comparison Map,2011-06-30 07:39:35,2011-06-30 07:55:24,Role 4,93,1.4004533434076314,0
82,Send Request for Quotation to Supplier,2011-06-30 07:33:08,2011-06-30 09:23:20,Role 4,93,1.0722516055912354,0
54,Analyze Quotation Comparison Map,2011-06-30 10:32:38,2011-06-30 10:32:38,Role 1,92,1.0646014355874576,0
24,Settle Conditions With Supplier,2011-06-30 10:23:16,2011-06-30 10:33:22,Role 4,93,1.8897808840196448,0
57,Analyze Request for Quotation,2011-06-30 10:50:39,2011-06-30 11:04:45,Role 4,93,1.177465054778995,0
26,Create Quotation comparison Map,2011-06-30 10:49:00,2011-06-30 11:06:20,Role 4,93,1.4004533434076314,0
86,Analyze Request for Quotation,2011-06-30 11:07:57,2011-06-30 11:21:15,Role 4,96,1.177465054778995,0
48,Settle Conditions With Supplier,2011-06-30 11:29:31,2011-06-30 11:39:14,Role 4,97,1.8897808840196448,0
87,Analyze Request for Quotation,2011-06-30 11:31:31,2011-06-30 11:45:39,Role 4,96,1.177465054778995,0
63,Analyze Request for Quotation,2011-06-30 11:42:52,2011-06-30 11:56:53,Role 4,99,2.1774650547789953,0
14,Confirm Purchase Order,2011-06-29 10:34:19,2011-06-30 12:37:45,Role 2,97,4.06752927842841,0
40,Settle Conditions With Supplier,2011-06-30 12:59:21,2011-06-30 13:09:02,Role 4,96,1.8897808840196448,0
74,Analyze Purchase Requisition,2011-06-30 13:44:08,2011-06-30 13:55:06,Role 3,93,1.0333396297695505,0
74,Create Request for Quotation,2011-06-30 14:04:13,2011-06-30 14:24:29,Role 3,90,1.047317718171515,0
84,Send Request for Quotation to Supplier,2011-06-30 12:34:05,2011-06-30 14:38:53,Role 4,93,1.0722516055912354,0
70,Analyze Quotation Comparison Map,2011-06-30 14:49:22,2011-06-30 14:49:24,Role 1,91,1.0646014355874576,0
8,Confirm Purchase Order,2011-06-29 13:02:47,2011-06-30 14:50:23,Role 2,97,4.06752927842841,0
60,Settle Conditions With Supplier,2011-06-30 14:53:41,2011-06-30 15:03:30,Role 4,93,1.8897808840196448,0
88,Analyze Request for Quotation,2011-06-30 15:00:04,2011-06-30 15:13:05,Role 4,96,1.177465054778995,0
39,Analyze Request for Quotation,2011-06-30 15:07:50,2011-06-30 15:22:15,Role 4,97,2.1774650547789953,0
55,Create Quotation comparison Map,2011-06-30 16:32:19,2011-06-30 16:49:47,Role 4,96,1.4004533434076314,0
83,Analyze Request for Quotation,2011-06-30 16:59:18,2011-06-30 17:15:13,Role 4,97,1.177465054778995,0
82,Create Quotation comparison Map,2011-06-30 16:59:37,2011-06-30 17:15:48,Role 4,91,1.4004533434076314,0
66,Analyze Request for Quotation,2011-06-30 17:15:13,2011-06-30 17:29:13,Role 4,97,1.177465054778995,0
83,Amend Request for Quotation,2011-06-30 17:36:52,2011-06-30 17:59:17,Role 1,89,1.0573290517567058,0
99,Amend Purchase Requisition,2011-06-30 17:53:13,2011-06-30 18:12:49,Role 1,93,1.0017944843218738,0
26,Analyze Quotation Comparison Map,2011-06-30 18:18:19,2011-06-30 18:19:36,Role 1,90,1.0646014355874576,0
69,Analyze Request for Quotation,2011-06-30 18:12:58,2011-06-30 18:27:04,Role 4,91,1.177465054778995,0
79,Send Request for Quotation to Supplier,2011-06-30 15:53:11,2011-06-30 18:51:45,Role 4,93,1.0722516055912354,0
54,Choose best option,2011-06-30 11:06:50,2011-06-30 19:32:35,Role 1,91,1.0,0
61,Send Request for Quotation to Supplier,2011-06-30 17:34:59,2011-06-30 20:54:12,Role 4,93,2.0722516055912354,0
84,Create Quotation comparison Map,2011-06-30 21:42:32,2011-06-30 21:58:50,Role 4,90,1.4004533434076314,0
4,Create Purchase Order,2011-06-30 22:03:41,2011-06-30 22:17:40,Role 4,91,1.0480732905175671,0
80,Analyze Request for Quotation,2011-06-30 22:16:13,2011-06-30 22:31:35,Role 4,97,1.177465054778995,0
76,Analyze Request for Quotation,2011-06-30 22:32:39,2011-06-30 22:48:54,Role 4,95,1.177465054778995,0
96,Amend Purchase Requisition,2011-06-30 22:48:20,2011-06-30 23:07:58,Role 1,93,1.0017944843218738,0
80,Amend Request for Quotation,2011-06-30 22:59:12,2011-06-30 23:22:14,Role 1,88,1.0573290517567058,0
67,Analyze Request for Quotation,2011-06-30 23:27:09,2011-06-30 23:40:41,Role 4,96,1.177465054778995,0
55,Analyze Quotation Comparison Map,2011-06-30 23:50:08,2011-06-30 23:50:43,Role 1,89,1.0646014355874576,0
82,Analyze Quotation Comparison Map,2011-07-01 00:12:46,2011-07-01 00:12:47,Role 1,89,1.0646014355874576,0
70,Choose best option,2011-06-30 15:59:44,2011-07-01 00:18:12,Role 1,90,2.0,0
92,Analyze Request for Quotation,2011-07-01 00:17:25,2011-07-01 00:31:03,Role 4,99,1.177465054778995,0
28,Confirm Purchase Order,2011-06-30 08:28:39,2011-07-01 00:53:12,Role 2,95,3.0675292784284096,0
24,Create Purchase Order,2011-07-01 00:55:12,2011-07-01 01:08:15,Role 4,91,1.0480732905175671,0
93,Analyze Request for Quotation,2011-07-01 01:11:41,2011-07-01 01:25:19,Role 4,98,1.177465054778995,0
18,Deliver Goods Services,2011-07-01 03:04:26,2011-07-01 03:05:09,Role 2,96,3.7682281828485076,0
26,Choose best option,2011-06-30 20:14:31,2011-07-01 04:26:14,Role 1,88,2.0,0
84,Analyze Quotation Comparison Map,2011-07-01 04:58:25,2011-07-01 04:58:37,Role 1,88,1.0646014355874576,0
40,Create Purchase Order,2011-07-01 05:17:46,2011-07-01 05:31:55,Role 4,90,1.0480732905175671,0
59,Settle Conditions With Supplier,2011-07-01 05:24:29,2011-07-01 05:34:26,Role 4,93,1.8897808840196448,0
81,Analyze Request for Quotation,2011-07-01 05:32:55,2011-07-01 05:48:12,Role 4,97,1.177465054778995,0
61,Create Quotation comparison Map,2011-07-01 05:53:45,2011-07-01 06:10:18,Role 4,88,1.4004533434076314,0
81,Amend Request for Quotation,2011-07-01 06:09:30,2011-07-01 06:32:13,Role 1,86,1.0573290517567058,0
74,Analyze Request for Quotation,2011-07-01 06:43:58,2011-07-01 06:58:13,Role 4,90,1.177465054778995,0
48,Create Purchase Order,2011-07-01 07:27:36,2011-07-01 07:42:21,Role 4,90,1.0480732905175671,0
55,Choose best option,2011-07-01 00:41:05,2011-07-01 08:57:38,Role 1,87,2.0,0
60,Create Purchase Order,2011-07-01 09:33:41,2011-07-01 09:47:52,Role 4,90,1.0480732905175671,0
18,Release Purchase Order,2011-07-01 10:29:23,2011-07-01 10:29:36,Role 1,86,1.0324896108802417,0
63,Send Request for Quotation to Supplier,2011-07-01 07:25:46,2011-07-01 10:41:25,Role 4,90,1.0722516055912354,0
82,Choose best option,2011-07-01 02:40:36,2011-07-01 10:54:34,Role 1,87,3.0,0
90,Analyze Request for Quotation,2011-07-01 10:41:25,2011-07-01 10:56:05,Role 4,97,1.177465054778995,0
94,Analyze Request for Quotation,2011-07-01 10:56:05,2011-07-01 11:10:56,Role 4,95,1.177465054778995,0
31,Analyze Request for Quotation,2011-07-01 11:16:56,2011-07-01 11:30:59,Role 4,91,1.177465054778995,0
79,Create Quotation comparison Map,2011-07-01 11:54:41,2011-07-01 12:10:25,Role 4,88,1.4004533434076314,0
87,Send Request for Quotation to Supplier,2011-07-01 10:13:24,2011-07-01 12:37:30,Role 4,90,3.0722516055912354,0
86,Send Request for Quotation to Supplier,2011-07-01 09:45:02,2011-07-01 12:48:02,Role 4,90,2.0722516055912354,0
70,Settle Conditions With Supplier,2011-07-01 12:48:02,2011-07-01 12:57:40,Role 4,87,1.8897808840196448,0
54,Settle Conditions With Supplier,2011-07-01 12:57:40,2011-07-01 13:07:12,Role 4,88,1.8897808840196448,0
22,Deliver Goods Services,2011-07-01 13:07:25,2011-07-01 13:08:27,Role 2,93,3.7682281828485076,1
61,Analyze Quotation Comparison Map,2011-07-01 13:15:25,2011-07-01 13:15:25,Role 1,86,1.0646014355874576,0
3,Deliver Goods Services,2011-07-01 14:48:18,2011-07-01 14:48:42,Role 2,93,3.7682281828485076,0
85,Analyze Request for Quotation,2011-07-01 14:41:24,2011-07-01 14:55:15,Role 4,93,1.177465054778995,0
69,Send Request for Quotation to Supplier,2011-07-01 12:26:24,2011-07-01 14:57:37,Role 4,88,3.0722516055912354,0
26,Settle Conditions With Supplier,2011-07-01 15:03:14,2011-07-01 15:12:53,Role 4,86,1.8897808840196448,0
84,Choose best option,2011-07-01 07:09:45,2011-07-01 15:24:33,Role 1,86,3.0,0
11,Deliver Goods Services,2011-07-01 15:43:31,2011-07-01 15:43:55,Role 2,92,3.7682281828485076,0
88,Send Request for Quotation to Supplier,2011-07-01 12:37:30,2011-07-01 15:44:00,Role 4,90,3.0722516055912354,0
31,Amend Request for Quotation,2011-07-01 17:40:35,2011-07-01 18:03:48,Role 1,84,1.0573290517567058,0
89,Analyze Request for Quotation,2011-07-01 18:00:20,2011-07-01 18:16:18,Role 4,97,1.177465054778995,0
14,Deliver Goods Services,2011-07-01 18:39:05,2011-07-01 18:39:46,Role 2,90,3.7682281828485076,0
79,Analyze Quotation Comparison Map,2011-07-01 19:07:48,2011-07-01 19:07:48,Role 1,84,1.0646014355874576,0
45,Analyze Request for Quotation,2011-07-01 20:11:50,2011-07-01 20:26:59,Role 4,91,1.177465054778995,0
22,Release Purchase Order,2011-07-01 20:35:57,2011-07-01 20:36:19,Role 1,84,1.0324896108802417,0
19,Deliver Goods Services,2011-07-01 21:29:28,2011-07-01 21:30:28,Role 2,92,3.7682281828485076,0
76,Send Request for Quotation to Supplier,2011-07-01 19:03:17,2011-07-01 22:04:09,Role 4,88,1.0722516055912354,0
61,Choose best option,2011-07-01 13:52:10,2011-07-01 22:09:30,Role 1,84,2.0,0
3,Release Purchase Order,2011-07-01 22:17:01,2011-07-01 22:17:46,Role 1,84,1.0324896108802417,0
97,Analyze Request for Quotation,2011-07-01 22:25:44,2011-07-01 22:40:47,Role 4,93,1.177465054778995,0
11,Release Purchase Order,2011-07-01 23:12:41,2011-07-01 23:13:29,Role 1,83,1.0324896108802417,0
18,Approve Purchase Order for payment,2011-07-02 00:17:16,2011-07-02 00:17:22,Role 4,86,1.0309784661881376,0
96,Analyze Purchase Requisition,2011-07-02 00:10:37,2011-07-02 00:22:38,Role 3,88,1.0333396297695505,0
96,Create Request for Quotation,2011-07-02 00:47:22,2011-07-02 01:09:06,Role 3,81,1.047317718171515,0
74,Send Request for Quotation to Supplier,2011-07-01 22:28:26,2011-07-02 01:18:23,Role 4,86,1.0722516055912354,0
59,Create Purchase Order,2011-07-02 01:12:17,2011-07-02 01:25:06,Role 4,86,1.0480732905175671,0
100,Analyze Request for Quotation,2011-07-02 01:43:30,2011-07-02 01:58:13,Role 4,96,1.177465054778995,0
14,Release Purchase Order,2011-07-02 02:06:04,2011-07-02 02:06:23,Role 1,82,1.0324896108802417,0
99,Analyze Purchase Requisition,2011-07-02 02:03:29,2011-07-02 02:15:10,Role 3,88,1.0333396297695505,0
83,Analyze Request for Quotation,2011-07-02 02:15:48,2011-07-02 02:31:56,Role 4,88,1.177465054778995,0
27,Analyze Request for Quotation,2011-07-02 02:40:11,2011-07-02 02:54:08,Role 4,92,1.177465054778995,0
88,Create Quotation comparison Map,2011-07-02 02:39:42,2011-07-02 02:56:59,Role 4,83,1.4004533434076314,0
93,Send Request for Quotation to Supplier,2011-07-02 00:25:32,2011-07-02 03:11:54,Role 4,86,2.0722516055912354,0
79,Choose best option,2011-07-01 19:23:25,2011-07-02 03:43:07,Role 1,82,2.0,0
27,Amend Request for Quotation,2011-07-02 03:25:59,2011-07-02 03:46:32,Role 1,80,1.0573290517567058,0
69,Create Quotation comparison Map,2011-07-02 04:28:18,2011-07-02 04:44:18,Role 4,83,1.4004533434076314,0
19,Release Purchase Order,2011-07-02 04:57:15,2011-07-02 04:57:23,Role 1,81,1.0324896108802417,0
26,Create Purchase Order,2011-07-02 05:01:05,2011-07-02 05:16:05,Role 4,83,1.0480732905175671,0
87,Create Quotation comparison Map,2011-07-02 05:33:53,2011-07-02 05:52:22,Role 4,84,1.4004533434076314,1
100,Amend Request for Quotation,2011-07-02 06:04:37,2011-07-02 06:25:01,Role 1,81,1.0573290517567058,0
70,Create Purchase Order,2011-07-02 06:17:56,2011-07-02 06:31:53,Role 4,84,1.0480732905175671,1
63,Create Quotation comparison Map,2011-07-02 06:30:50,2011-07-02 06:47:45,Role 4,86,1.4004533434076314,1
54,Create Purchase Order,2011-07-02 07:42:13,2011-07-02 07:55:56,Role 4,84,1.0480732905175671,0
74,Create Quotation comparison Map,2011-07-02 08:45:44,2011-07-02 09:02:29,Role 4,81,1.4004533434076314,0
86,Create Quotation comparison Map,2011-07-02 08:51:37,2011-07-02 09:08:52,Role 4,84,2.4004533434076314,1
3,Settle Dispute With Supplier,2011-07-02 09:31:32,2011-07-02 09:31:32,Role 5,81,1.0658292406497922,0
55,Settle Conditions With Supplier,2011-07-02 09:29:37,2011-07-02 09:39:18,Role 4,86,1.8897808840196448,0
4,Confirm Purchase Order,2011-07-01 07:33:50,2011-07-02 09:42:59,Role 2,88,1.0675292784284096,0
8,Deliver Goods Services,2011-07-02 09:42:59,2011-07-02 09:43:22,Role 2,90,3.7682281828485076,0
88,Analyze Quotation Comparison Map,2011-07-02 09:59:25,2011-07-02 09:59:25,Role 1,80,1.0646014355874576,0
22,Approve Purchase Order for payment,2011-07-02 10:05:55,2011-07-02 10:06:04,Role 4,81,1.0309784661881376,0
93,Create Quotation comparison Map,2011-07-02 10:18:51,2011-07-02 10:35:32,Role 4,80,1.4004533434076314,0
95,Analyze Request for Quotation,2011-07-02 11:06:04,2011-07-02 11:22:12,Role 4,96,1.177465054778995,0
69,Analyze Quotation Comparison Map,2011-07-02 11:51:07,2011-07-02 11:51:07,Role 1,80,1.0646014355874576,0
80,Analyze Request for Quotation,2011-07-02 11:39:06,2011-07-02 11:56:37,Role 4,88,1.177465054778995,0
61,Settle Conditions With Supplier,2011-07-02 11:54:57,2011-07-02 12:04:21,Role 4,81,1.8897808840196448,0
24,Confirm Purchase Order,2011-07-01 10:43:37,2011-07-02 12:20:41,Role 2,86,2.0675292784284096,0
80,Amend Request for Quotation,2011-07-02 12:22:03,2011-07-02 12:44:15,Role 1,80,1.0573290517567058,0
87,Analyze Quotation Comparison Map,2011-07-02 12:54:55,2011-07-02 12:55:40,Role 1,80,1.0646014355874576,0
11,Approve Purchase Order for payment,2011-07-02 12:58:28,2011-07-02 12:58:28,Role 4,81,1.0309784661881376,0
14,Settle Dispute With Supplier,2011-07-02 13:26:10,2011-07-02 13:26:10,Role 5,81,1.0658292406497922,0
63,Analyze Quotation Comparison Map,2011-07-02 13:47:34,2011-07-02 13:48:09,Role 1,80,1.0646014355874576,0
81,Analyze Request for Quotation,2011-07-02 13:44:44,2011-07-02 14:00:37,Role 4,86,1.177465054778995,0
76,Create Quotation comparison Map,2011-07-02 13:51:49,2011-07-02 14:10:28,Role 4,81,1.4004533434076314,0
28,Deliver Goods Services,2011-07-02 14:13:42,2011-07-02 14:14:10,Role 2,86,3.7682281828485076,0
3,Authorize Supplier's Invoice payment,2011-07-02 15:17:00,2011-07-02 15:19:58,Role 5,80,1.0,0
74,Analyze Quotation Comparison Map,2011-07-02 16:07:05,2011-07-02 16:07:05,Role 1,80,1.0646014355874576,0
86,Analyze Quotation Comparison Map,2011-07-02 16:11:31,2011-07-02 16:11:43,Role 1,80,1.0646014355874576,0
19,Approve Purchase Order for payment,2011-07-02 16:54:38,2011-07-02 16:54:42,Role 4,80,1.0309784661881376,0
8,Release Purchase Order,2011-07-02 17:08:42,2011-07-02 17:09:13,Role 1,80,1.0324896108802417,0
79,Settle Conditions With Supplier,2011-07-02 17:14:47,2011-07-02 17:24:38,Role 4,80,1.8897808840196448,0
93,Analyze Quotation Comparison Map,2011-07-02 17:29:47,2011-07-02 17:30:05,Role 1,80,1.0646014355874576,0
82,Settle Conditions With Supplier,2011-07-02 18:07:54,2011-07-02 18:17:38,Role 4,86,1.8897808840196448,1
84,Settle Conditions With Supplier,2011-07-02 18:25:18,2011-07-02 18:35:11,Role 4,83,1.8897808840196448,0
88,Choose best option,2011-07-02 10:32:44,2011-07-02 19:00:30,Role 1,80,1.0,0
31,Analyze Request for Quotation,2011-07-02 19:03:27,2011-07-02 19:17:15,Role 4,83,1.177465054778995,0
86,Choose best option,2011-07-02 17:05:52,2011-07-02 19:38:32,Role 1,79,6.0,0
40,Confirm Purchase Order,2011-07-02 01:35:53,2011-07-02 19:47:20,Role 2,86,3.0675292784284096,0
69,Choose best option,2011-07-02 12:13:03,2011-07-02 20:32:27,Role 1,80,2.0,0
18,Send Invoice,2011-07-02 20:34:08,2011-07-02 20:36:27,Role 2,81,1.0,0
83,Send Request for Quotation to Supplier,2011-07-02 18:06:32,2011-07-02 20:54:53,Role 4,80,1.0722516055912354,0
61,Create Purchase Order,2011-07-02 20:42:34,2011-07-02 20:57:07,Role 4,80,1.0480732905175671,0
76,Analyze Quotation Comparison Map,2011-07-02 21:10:53,2011-07-02 21:12:00,Role 1,79,1.0646014355874576,0
87,Choose best option,2011-07-02 13:20:42,2011-07-02 21:27:35,Role 1,80,3.0,0
63,Choose best option,2011-07-02 14:56:46,2011-07-02 21:28:02,Role 1,80,4.0,0
55,Create Purchase Order,2011-07-02 21:15:51,2011-07-02 21:30:42,Role 4,80,1.0480732905175671,0
93,Choose best option,2011-07-02 19:36:33,2011-07-02 21:34:17,Role 1,79,6.0,0
28,Release Purchase Order,2011-07-02 21:35:40,2011-07-02 21:36:07,Role 1,79,1.0324896108802417,0
74,Choose best option,2011-07-02 16:30:29,2011-07-02 21:47:11,Role 1,79,5.0,0
14,Authorize Supplier's Invoice payment,2011-07-02 23:02:23,2011-07-02 23:05:12,Role 5,80,1.0,0
3,Pay Invoice,2011-07-02 23:53:46,2011-07-02 23:54:01,Role 5,79,1.0558179070646014,0
48,Confirm Purchase Order,2011-07-02 04:50:54,2011-07-03 00:07:54,Role 2,86,4.06752927842841,0
83,Create Quotation comparison Map,2011-07-03 02:13:38,2011-07-03 02:30:29,Role 4,79,1.4004533434076314,0
60,Confirm Purchase Order,2011-07-02 07:53:57,2011-07-03 04:26:36,Role 2,86,5.06752927842841,0
22,Send Invoice,2011-07-03 04:44:12,2011-07-03 04:46:21,Role 2,80,1.0,0
8,Settle Dispute With Supplier,2011-07-03 04:57:50,2011-07-03 04:57:50,Role 5,79,1.0658292406497922,0
84,Create Purchase Order,2011-07-03 06:05:28,2011-07-03 06:21:02,Role 4,79,1.0480732905175671,0
11,Send Invoice,2011-07-03 06:42:00,2011-07-03 06:44:36,Role 2,80,1.0,0
82,Create Purchase Order,2011-07-03 06:34:11,2011-07-03 06:49:14,Role 4,79,1.0480732905175671,0
76,Choose best option,2011-07-02 22:27:03,2011-07-03 06:52:53,Role 1,79,1.0,0
97,Send Request for Quotation to Supplier,2011-07-03 05:12:20,2011-07-03 07:28:45,Role 4,81,1.0722516055912354,0
28,Settle Dispute With Supplier,2011-07-03 09:17:05,2011-07-03 09:17:05,Role 5,79,1.0658292406497922,0
83,Analyze Quotation Comparison Map,2011-07-03 09:29:46,2011-07-03 09:31:26,Role 1,78,1.0646014355874576,0
98,Analyze Request for Quotation,2011-07-03 09:31:15,2011-07-03 09:45:57,Role 4,93,1.177465054778995,0
63,Settle Conditions With Supplier,2011-07-03 09:45:57,2011-07-03 09:55:32,Role 4,79,1.8897808840196448,0
18,Release Supplier's Invoice,2011-07-03 10:39:09,2011-07-03 10:39:33,Role 5,79,1.0412731394030978,0
18,Settle Dispute With Supplier,2011-07-03 10:42:57,2011-07-03 10:45:58,Role 5,78,1.0658292406497922,0
14,Pay Invoice,2011-07-03 10:59:43,2011-07-03 11:00:00,Role 5,79,1.0558179070646014,0
79,Create Purchase Order,2011-07-03 10:48:10,2011-07-03 11:03:16,Role 4,79,1.0480732905175671,0
31,Send Request for Quotation to Supplier,2011-07-03 08:33:00,2011-07-03 11:27:07,Role 4,79,2.0722516055912354,0
95,Send Request for Quotation to Supplier,2011-07-03 08:31:02,2011-07-03 11:44:47,Role 4,80,1.0722516055912354,0
69,Settle Conditions With Supplier,2011-07-03 12:18:26,2011-07-03 12:27:48,Role 4,79,1.8897808840196448,0
74,Settle Conditions With Supplier,2011-07-03 13:29:29,2011-07-03 13:39:41,Role 4,79,1.8897808840196448,0
87,Settle Conditions With Supplier,2011-07-03 13:30:36,2011-07-03 13:40:36,Role 4,79,2.889780884019645,0
93,Settle Conditions With Supplier,2011-07-03 14:06:30,2011-07-03 14:18:01,Role 4,79,1.8897808840196448,0
8,Authorize Supplier's Invoice payment,2011-07-03 15:13:23,2011-07-03 15:16:05,Role 5,78,1.0,0
70,Confirm Purchase Order,2011-07-03 02:02:34,2011-07-03 15:20:12,Role 2,80,4.06752927842841,0
19,Send Invoice,2011-07-03 15:20:12,2011-07-03 15:22:15,Role 2,79,1.0,0
88,Settle Conditions With Supplier,2011-07-03 15:23:49,2011-07-03 15:33:38,Role 4,79,1.8897808840196448,0
63,Create Purchase Order,2011-07-03 16:05:55,2011-07-03 16:19:14,Role 4,78,1.0480732905175671,0
18,Release Purchase Order,2011-07-03 16:58:19,2011-07-03 17:00:00,Role 1,78,1.0324896108802417,0
28,Authorize Supplier's Invoice payment,2011-07-03 17:22:16,2011-07-03 17:24:54,Role 5,78,1.0,0
86,Settle Conditions With Supplier,2011-07-03 17:31:32,2011-07-03 17:42:47,Role 4,79,1.8897808840196448,0
69,Create Purchase Order,2011-07-03 17:30:37,2011-07-03 17:45:18,Role 4,77,1.0480732905175671,0
96,Analyze Request for Quotation,2011-07-03 17:43:13,2011-07-03 17:57:27,Role 4,81,1.177465054778995,0
83,Choose best option,2011-07-03 09:39:45,2011-07-03 17:59:12,Role 1,78,1.0,0
31,Create Quotation comparison Map,2011-07-03 18:02:59,2011-07-03 18:20:09,Role 4,77,1.4004533434076314,0
59,Confirm Purchase Order,2011-07-02 22:10:34,2011-07-03 18:29:13,Role 2,81,4.06752927842841,0
22,Release Supplier's Invoice,2011-07-03 18:48:31,2011-07-03 18:49:07,Role 5,78,1.0412731394030978,0
22,Authorize Supplier's Invoice payment,2011-07-03 18:53:13,2011-07-03 18:56:43,Role 5,76,1.0,0
74,Create Purchase Order,2011-07-03 18:51:42,2011-07-03 19:06:25,Role 4,77,1.0480732905175671,0
22,Pay Invoice,2011-07-03 19:14:38,2011-07-03 19:15:05,Role 5,76,1.0558179070646014,0
26,Confirm Purchase Order,2011-07-02 17:37:48,2011-07-03 19:47:02,Role 2,80,4.06752927842841,0
28,Pay Invoice,2011-07-03 20:18:26,2011-07-03 20:18:31,Role 5,77,1.0558179070646014,0
11,Authorize Supplier's Invoice payment,2011-07-03 20:48:34,2011-07-03 20:48:40,Role 5,78,1.0,0
11,Pay Invoice,2011-07-03 20:53:27,2011-07-03 20:56:49,Role 5,74,1.0558179070646014,0
97,Create Quotation comparison Map,2011-07-03 20:40:20,2011-07-03 20:56:53,Role 4,78,1.4004533434076314,0
95,Create Quotation comparison Map,2011-07-03 20:55:33,2011-07-03 21:13:17,Role 4,77,2.4004533434076314,0
87,Create Purchase Order,2011-07-03 21:32:26,2011-07-03 21:47:51,Role 4,77,1.0480732905175671,0
76,Settle Conditions With Supplier,2011-07-03 22:23:47,2011-07-03 22:33:24,Role 4,78,1.8897808840196448,0
93,Create Purchase Order,2011-07-03 23:33:55,2011-07-03 23:48:37,Role 4,77,1.0480732905175671,0
18,Approve Purchase Order for payment,2011-07-04 00:02:21,2011-07-04 00:05:35,Role 4,77,1.0309784661881376,0
8,Pay Invoice,2011-07-04 00:36:47,2011-07-04 00:37:04,Role 5,77,1.0558179070646014,0
100,Analyze Request for Quotation,2011-07-04 01:00:39,2011-07-04 01:14:17,Role 4,80,1.177465054778995,0
31,Analyze Quotation Comparison Map,2011-07-04 01:30:07,2011-07-04 01:30:07,Role 1,76,1.0646014355874576,0
86,Create Purchase Order,2011-07-04 01:46:12,2011-07-04 01:59:15,Role 4,77,1.0480732905175671,0
83,Settle Conditions With Supplier,2011-07-04 01:52:27,2011-07-04 02:01:52,Role 4,76,1.8897808840196448,0
88,Create Purchase Order,2011-07-04 01:50:27,2011-07-04 02:04:01,Role 4,77,2.048073290517567,0
97,Analyze Quotation Comparison Map,2011-07-04 03:44:24,2011-07-04 03:44:29,Role 1,73,1.0646014355874576,0
95,Analyze Quotation Comparison Map,2011-07-04 04:12:37,2011-07-04 04:12:54,Role 1,73,1.0646014355874576,0
54,Confirm Purchase Order,2011-07-03 03:06:46,2011-07-04 04:31:12,Role 2,80,5.06752927842841,0
19,Release Supplier's Invoice,2011-07-04 05:25:13,2011-07-04 05:25:31,Role 5,77,1.0412731394030978,0
19,Settle Dispute With Supplier,2011-07-04 05:28:37,2011-07-04 05:31:42,Role 5,72,1.0658292406497922,0
76,Create Purchase Order,2011-07-04 06:39:53,2011-07-04 06:53:34,Role 4,73,1.0480732905175671,0
83,Create Purchase Order,2011-07-04 08:19:43,2011-07-04 08:34:25,Role 4,72,1.0480732905175671,0
61,Confirm Purchase Order,2011-07-03 12:27:55,2011-07-04 08:53:26,Role 2,79,5.06752927842841,0
98,Send Request for Quotation to Supplier,2011-07-04 07:07:16,2011-07-04 09:43:19,Role 4,78,1.0722516055912354,1
31,Choose best option,2011-07-04 01:40:58,2011-07-04 09:59:38,Role 1,72,1.0,0
98,Create Quotation comparison Map,2011-07-04 11:05:31,2011-07-04 11:21:25,Role 4,72,1.4004533434076314,0
19,Release Purchase Order,2011-07-04 11:40:47,2011-07-04 11:40:55,Role 1,72,1.0324896108802417,0
97,Choose best option,2011-07-04 03:49:38,2011-07-04 11:54:18,Role 1,72,2.0,0
95,Choose best option,2011-07-04 04:20:07,2011-07-04 11:55:13,Role 1,72,3.0,0
80,Analyze Request for Quotation,2011-07-04 12:06:31,2011-07-04 12:20:39,Role 4,80,1.177465054778995,0
27,Analyze Request for Quotation,2011-07-04 14:18:56,2011-07-04 14:32:51,Role 4,80,1.177465054778995,0
63,Confirm Purchase Order,2011-07-04 04:31:12,2011-07-04 17:39:26,Role 2,77,5.06752927842841,0
19,Approve Purchase Order for payment,2011-07-04 17:40:40,2011-07-04 17:44:33,Role 4,72,1.0309784661881376,0
31,Settle Conditions With Supplier,2011-07-04 18:04:13,2011-07-04 18:13:49,Role 4,72,1.8897808840196448,0
98,Analyze Quotation Comparison Map,2011-07-04 18:22:25,2011-07-04 18:22:28,Role 1,72,1.0646014355874576,0
27,Amend Request for Quotation,2011-07-04 18:55:37,2011-07-04 19:14:26,Role 1,71,1.0573290517567058,0
55,Confirm Purchase Order,2011-07-03 18:59:53,2011-07-04 20:54:57,Role 2,79,4.06752927842841,0
4,Deliver Goods Services,2011-07-04 20:54:57,2011-07-04 20:55:15,Role 2,80,3.7682281828485076,1
31,Create Purchase Order,2011-07-04 22:01:07,2011-07-04 22:16:44,Role 4,71,1.0480732905175671,0
100,Send Request for Quotation to Supplier,2011-07-04 19:56:57,2011-07-04 22:26:26,Role 4,72,1.0722516055912354,0
100,Create Quotation comparison Map,2011-07-04 23:37:25,2011-07-04 23:54:09,Role 4,71,1.4004533434076314,0
98,Choose best option,2011-07-04 18:24:35,2011-07-05 02:39:37,Role 1,71,1.0,0
95,Settle Conditions With Supplier,2011-07-05 02:44:40,2011-07-05 02:54:29,Role 4,72,1.8897808840196448,0
82,Confirm Purchase Order,2011-07-04 02:00:26,2011-07-05 03:30:06,Role 2,78,5.06752927842841,0
24,Deliver Goods Services,2011-07-05 03:30:06,2011-07-05 03:30:26,Role 2,80,3.7682281828485076,0
40,Deliver Goods Services,2011-07-05 03:30:26,2011-07-05 03:30:55,Role 2,79,3.7682281828485076,0
48,Deliver Goods Services,2011-07-05 03:30:55,2011-07-05 03:31:26,Role 2,78,3.7682281828485076,0
84,Confirm Purchase Order,2011-07-04 01:37:40,2011-07-05 03:34:04,Role 2,78,4.06752927842841,0
18,Send Invoice,2011-07-05 03:34:04,2011-07-05 03:42:25,Role 2,73,1.0,0
4,Release Purchase Order,2011-07-05 04:22:41,2011-07-05 04:23:08,Role 1,71,1.0324896108802417,0
18,Authorize Supplier's Invoice payment,2011-07-05 05:03:26,2011-07-05 05:08:15,Role 5,71,1.0,0
18,Pay Invoice,2011-07-05 05:12:27,2011-07-05 05:20:00,Role 5,71,1.0558179070646014,0
100,Analyze Quotation Comparison Map,2011-07-05 06:47:24,2011-07-05 06:48:19,Role 1,71,1.0646014355874576,0
74,Confirm Purchase Order,2011-07-04 08:53:26,2011-07-05 07:11:22,Role 2,76,5.06752927842841,0
97,Settle Conditions With Supplier,2011-07-05 08:31:36,2011-07-05 08:40:59,Role 4,72,1.8897808840196448,0
95,Create Purchase Order,2011-07-05 09:52:44,2011-07-05 10:05:03,Role 4,71,1.0480732905175671,0
48,Release Purchase Order,2011-07-05 10:57:49,2011-07-05 10:57:49,Role 1,71,1.0324896108802417,0
40,Release Purchase Order,2011-07-05 10:59:55,2011-07-05 10:59:55,Role 1,71,1.0324896108802417,0
24,Release Purchase Order,2011-07-05 11:02:02,2011-07-05 11:02:26,Role 1,71,1.0324896108802417,0
98,Settle Conditions With Supplier,2011-07-05 11:27:31,2011-07-05 11:37:15,Role 4,71,1.8897808840196448,0
100,Choose best option,2011-07-05 07:03:28,2011-07-05 15:28:13,Role 1,70,1.0,0
4,Approve Purchase Order for payment,2011-07-05 15:34:51,2011-07-05 15:34:51,Role 4,71,1.0309784661881376,0
83,Confirm Purchase Order,2011-07-05 03:42:25,2011-07-05 15:56:16,Role 2,72,5.06752927842841,6
69,Confirm Purchase Order,2011-07-04 17:39:26,2011-07-05 16:38:29,Role 2,77,5.06752927842841,0
93,Confirm Purchase Order,2011-07-05 07:11:22,2011-07-05 16:50:17,Role 2,73,5.06752927842841,0
60,Deliver Goods Services,2011-07-05 16:50:17,2011-07-05 16:51:09,Role 2,78,3.7682281828485076,0
19,Send Invoice,2011-07-05 16:51:09,2011-07-05 16:59:59,Role 2,71,1.0,7
79,Confirm Purchase Order,2011-07-04 20:55:15,2011-07-05 17:11:51,Role 2,77,5.06752927842841,0
19,Authorize Supplier's Invoice payment,2011-07-05 17:38:39,2011-07-05 17:42:54,Role 5,70,1.0,0
19,Pay Invoice,2011-07-05 17:46:29,2011-07-05 17:54:05,Role 5,70,1.0558179070646014,0
98,Create Purchase Order,2011-07-05 19:44:19,2011-07-05 19:57:49,Role 4,70,1.0480732905175671,0
87,Confirm Purchase Order,2011-07-05 03:31:26,2011-07-05 21:12:50,Role 2,73,5.06752927842841,0
70,Deliver Goods Services,2011-07-05 21:12:50,2011-07-05 21:13:40,Role 2,77,3.7682281828485076,1
26,Deliver Goods Services,2011-07-05 21:13:40,2011-07-05 21:14:20,Role 2,75,3.7682281828485076,0
59,Deliver Goods Services,2011-07-05 21:14:20,2011-07-05 21:15:12,Role 2,76,3.7682281828485076,0
27,Analyze Request for Quotation,2011-07-05 21:47:58,2011-07-05 21:59:59,Role 4,71,1.177465054778995,0
40,Settle Dispute With Supplier,2011-07-05 22:04:56,2011-07-05 22:05:07,Role 5,70,1.0658292406497922,0
24,Approve Purchase Order for payment,2011-07-05 22:47:10,2011-07-05 22:47:10,Role 4,70,1.0309784661881376,0
48,Approve Purchase Order for payment,2011-07-05 22:50:14,2011-07-05 22:50:14,Role 4,70,1.0309784661881376,0
86,Confirm Purchase Order,2011-07-05 16:38:29,2011-07-05 23:05:15,Role 2,72,5.06752927842841,0
97,Create Purchase Order,2011-07-05 23:23:18,2011-07-05 23:35:46,Role 4,70,1.0480732905175671,0
60,Release Purchase Order,2011-07-06 00:18:44,2011-07-06 00:18:44,Role 1,70,1.0324896108802417,0
40,Authorize Supplier's Invoice payment,2011-07-06 02:15:07,2011-07-06 02:17:04,Role 5,68,1.0,0
40,Pay Invoice,2011-07-06 03:42:07,2011-07-06 03:42:07,Role 5,68,1.0558179070646014,0
61,Deliver Goods Services,2011-07-06 04:34:19,2011-07-06 04:35:09,Role 2,72,3.7682281828485076,6
26,Release Purchase Order,2011-07-06 04:39:44,2011-07-06 04:39:44,Role 1,69,1.0324896108802417,0
70,Release Purchase Order,2011-07-06 04:40:08,2011-07-06 04:40:08,Role 1,69,1.0324896108802417,0
59,Release Purchase Order,2011-07-06 04:42:05,2011-07-06 04:42:07,Role 1,69,1.0324896108802417,0
88,Confirm Purchase Order,2011-07-05 15:56:16,2011-07-06 07:39:57,Role 2,72,5.06752927842841,0
54,Deliver Goods Services,2011-07-06 07:44:56,2011-07-06 07:45:48,Role 2,72,3.7682281828485076,1
4,Send Invoice,2011-07-06 08:59:18,2011-07-06 09:01:46,Role 2,70,1.0,8
76,Confirm Purchase Order,2011-07-05 16:59:59,2011-07-06 10:03:05,Role 2,72,5.06752927842841,3
63,Deliver Goods Services,2011-07-06 11:31:17,2011-07-06 11:32:33,Role 2,71,3.7682281828485076,8
100,Settle Conditions With Supplier,2011-07-06 11:46:09,2011-07-06 11:55:04,Role 4,70,1.8897808840196448,0
61,Release Purchase Order,2011-07-06 12:04:27,2011-07-06 12:04:34,Role 1,67,1.0324896108802417,0
60,Approve Purchase Order for payment,2011-07-06 12:56:10,2011-07-06 12:56:10,Role 4,68,1.0309784661881376,0
82,Deliver Goods Services,2011-07-06 14:54:27,2011-07-06 14:55:05,Role 2,71,3.7682281828485076,12
59,Settle Dispute With Supplier,2011-07-06 15:03:08,2011-07-06 15:03:08,Role 5,67,1.0658292406497922,0
26,Settle Dispute With Supplier,2011-07-06 15:09:52,2011-07-06 15:09:52,Role 5,67,1.0658292406497922,0
54,Release Purchase Order,2011-07-06 15:14:09,2011-07-06 15:14:09,Role 1,67,1.0324896108802417,0
70,Settle Dispute With Supplier,2011-07-06 15:16:27,2011-07-06 15:16:30,Role 5,67,1.0658292406497922,0
84,Deliver Goods Services,2011-07-06 15:44:35,2011-07-06 15:45:12,Role 2,71,3.7682281828485076,8
48,Send Invoice,2011-07-06 16:08:04,2011-07-06 16:10:03,Role 2,68,1.0,0
24,Send Invoice,2011-07-06 16:25:38,2011-07-06 16:28:06,Role 2,68,1.0,0
63,Release Purchase Order,2011-07-06 19:00:14,2011-07-06 19:00:21,Role 1,67,1.0324896108802417,0
31,Confirm Purchase Order,2011-07-05 17:11:51,2011-07-06 19:19:03,Role 2,71,5.06752927842841,10
59,Authorize Supplier's Invoice payment,2011-07-06 20:36:12,2011-07-06 20:38:28,Role 5,67,1.0,0
61,Settle Dispute With Supplier,2011-07-06 21:16:45,2011-07-06 21:16:58,Role 5,67,1.0658292406497922,0
82,Release Purchase Order,2011-07-06 22:21:08,2011-07-06 22:21:12,Role 1,67,1.0324896108802417,0
55,Deliver Goods Services,2011-07-06 22:29:49,2011-07-06 22:30:26,Role 2,71,3.7682281828485076,11
70,Authorize Supplier's Invoice payment,2011-07-06 22:29:25,2011-07-06 22:31:38,Role 5,67,1.0,0
26,Authorize Supplier's Invoice payment,2011-07-06 22:34:06,2011-07-06 22:36:18,Role 5,67,1.0,0
4,Authorize Supplier's Invoice payment,2011-07-06 23:07:30,2011-07-06 23:07:30,Role 5,67,1.0,0
84,Release Purchase Order,2011-07-06 23:11:08,2011-07-06 23:11:20,Role 1,67,1.0324896108802417,0
4,Pay Invoice,2011-07-06 23:11:27,2011-07-06 23:14:53,Role 5,67,1.0558179070646014,0
74,Deliver Goods Services,2011-07-07 00:33:36,2011-07-07 00:34:30,Role 2,70,3.7682281828485076,6
54,Approve Purchase Order for payment,2011-07-07 02:21:51,2011-07-07 02:21:54,Role 4,67,1.0309784661881376,0
59,Pay Invoice,2011-07-07 02:30:27,2011-07-07 02:30:27,Role 5,67,1.0558179070646014,0
100,Create Purchase Order,2011-07-07 03:04:31,2011-07-07 03:19:03,Role 4,67,1.0480732905175671,0
70,Pay Invoice,2011-07-07 03:38:28,2011-07-07 03:38:31,Role 5,67,1.0558179070646014,0
26,Pay Invoice,2011-07-07 03:40:57,2011-07-07 03:40:57,Role 5,67,1.0558179070646014,0
63,Settle Dispute With Supplier,2011-07-07 03:50:39,2011-07-07 03:51:01,Role 5,67,1.0658292406497922,0
69,Deliver Goods Services,2011-07-07 04:17:18,2011-07-07 04:18:27,Role 2,70,3.7682281828485076,7
61,Release Purchase Order,2011-07-07 04:36:59,2011-07-07 04:39:07,Role 1,67,1.0324896108802417,0
55,Release Purchase Order,2011-07-07 06:00:59,2011-07-07 06:00:59,Role 1,67,1.0324896108802417,0
48,Authorize Supplier's Invoice payment,2011-07-07 06:16:33,2011-07-07 06:16:39,Role 5,67,1.0,0
48,Pay Invoice,2011-07-07 06:23:27,2011-07-07 06:26:30,Role 5,63,1.0558179070646014,0
24,Authorize Supplier's Invoice payment,2011-07-07 06:37:29,2011-07-07 06:37:29,Role 5,67,1.0,0
24,Pay Invoice,2011-07-07 06:44:46,2011-07-07 06:48:09,Role 5,62,1.0558179070646014,0
60,Send Invoice,2011-07-07 06:56:46,2011-07-07 06:58:56,Role 2,67,1.0,0
74,Release Purchase Order,2011-07-07 07:57:23,2011-07-07 07:57:36,Role 1,66,1.0324896108802417,0
95,Confirm Purchase Order,2011-07-06 06:19:14,2011-07-07 08:06:14,Role 2,70,4.06752927842841,6
97,Confirm Purchase Order,2011-07-07 01:54:52,2011-07-07 08:46:13,Role 2,68,3.0675292784284096,0
79,Deliver Goods Services,2011-07-07 08:54:08,2011-07-07 08:55:07,Role 2,70,3.7682281828485076,3
84,Settle Dispute With Supplier,2011-07-07 10:32:34,2011-07-07 10:32:53,Role 5,67,1.0658292406497922,0
63,Release Purchase Order,2011-07-07 11:12:25,2011-07-07 11:14:40,Role 1,63,1.0324896108802417,0
82,Approve Purchase Order for payment,2011-07-07 11:20:49,2011-07-07 11:21:03,Role 4,67,1.0309784661881376,0
98,Confirm Purchase Order,2011-07-06 09:35:25,2011-07-07 11:42:01,Role 2,69,4.06752927842841,3
69,Release Purchase Order,2011-07-07 11:42:26,2011-07-07 11:42:37,Role 1,63,1.0324896108802417,0
83,Deliver Goods Services,2011-07-07 12:58:21,2011-07-07 12:59:25,Role 2,70,3.7682281828485076,8
93,Deliver Goods Services,2011-07-07 13:06:16,2011-07-07 13:08:27,Role 2,70,3.7682281828485076,6
87,Deliver Goods Services,2011-07-07 14:07:41,2011-07-07 14:08:42,Role 2,69,3.7682281828485076,3
86,Deliver Goods Services,2011-07-07 16:09:13,2011-07-07 16:12:07,Role 2,68,3.7682281828485076,0
79,Release Purchase Order,2011-07-07 16:19:04,2011-07-07 16:19:10,Role 1,61,1.0324896108802417,0
55,Approve Purchase Order for payment,2011-07-07 17:03:32,2011-07-07 17:03:32,Role 4,63,1.0309784661881376,0
74,Settle Dispute With Supplier,2011-07-07 18:41:47,2011-07-07 18:41:47,Role 5,61,1.0658292406497922,0
61,Approve Purchase Order for payment,2011-07-07 19:35:18,2011-07-07 19:35:18,Role 4,63,1.0309784661881376,0
54,Send Invoice,2011-07-07 19:33:35,2011-07-07 19:35:50,Role 2,66,1.0,0
83,Release Purchase Order,2011-07-07 20:22:46,2011-07-07 20:23:01,Role 1,61,1.0324896108802417,0
93,Release Purchase Order,2011-07-07 20:32:17,2011-07-07 20:32:43,Role 1,61,1.0324896108802417,0
60,Release Supplier's Invoice,2011-07-07 21:05:01,2011-07-07 21:05:01,Role 5,61,1.0412731394030978,0
60,Authorize Supplier's Invoice payment,2011-07-07 21:12:22,2011-07-07 21:15:40,Role 5,61,1.0,0
87,Release Purchase Order,2011-07-07 21:33:57,2011-07-07 21:34:08,Role 1,61,1.0324896108802417,0
60,Pay Invoice,2011-07-07 21:33:40,2011-07-07 21:34:26,Role 5,61,1.0558179070646014,0
84,Authorize Supplier's Invoice payment,2011-07-07 22:24:33,2011-07-07 22:27:07,Role 5,61,1.0,0
86,Release Purchase Order,2011-07-07 23:35:57,2011-07-07 23:36:19,Role 1,61,1.0324896108802417,0
69,Approve Purchase Order for payment,2011-07-08 00:17:14,2011-07-08 00:17:14,Role 4,61,1.0309784661881376,0
88,Deliver Goods Services,2011-07-08 01:07:56,2011-07-08 01:08:53,Role 2,67,3.7682281828485076,0
63,Settle Dispute With Supplier,2011-07-08 01:41:27,2011-07-08 01:41:27,Role 5,61,1.0658292406497922,0
74,Release Purchase Order,2011-07-08 01:41:28,2011-07-08 01:43:58,Role 1,61,1.0324896108802417,0
79,Settle Dispute With Supplier,2011-07-08 04:15:51,2011-07-08 04:16:05,Role 5,61,1.0658292406497922,0
31,Deliver Goods Services,2011-07-08 05:13:45,2011-07-08 05:14:25,Role 2,67,3.7682281828485076,0
82,Send Invoice,2011-07-08 05:42:37,2011-07-08 05:44:58,Role 2,61,1.0,0
76,Deliver Goods Services,2011-07-08 06:52:01,2011-07-08 06:52:59,Role 2,67,3.7682281828485076,0
63,Authorize Supplier's Invoice payment,2011-07-08 07:12:29,2011-07-08 07:16:28,Role 5,60,1.0,0
63,Pay Invoice,2011-07-08 07:56:12,2011-07-08 07:57:25,Role 5,60,1.0558179070646014,0
83,Settle Dispute With Supplier,2011-07-08 08:07:47,2011-07-08 08:08:07,Role 5,61,1.0658292406497922,0
88,Release Purchase Order,2011-07-08 08:35:17,2011-07-08 08:35:24,Role 1,60,1.0324896108802417,0
84,Pay Invoice,2011-07-08 09:00:32,2011-07-08 09:00:33,Role 5,60,1.0558179070646014,0
93,Approve Purchase Order for payment,2011-07-08 09:20:37,2011-07-08 09:20:37,Role 4,61,1.0309784661881376,0
54,Release Supplier's Invoice,2011-07-08 09:37:52,2011-07-08 09:37:52,Role 5,61,1.0412731394030978,0
54,Settle Dispute With Supplier,2011-07-08 09:42:14,2011-07-08 09:45:13,Role 5,58,1.0658292406497922,0
86,Settle Dispute With Supplier,2011-07-08 09:45:53,2011-07-08 09:45:53,Role 5,60,1.0658292406497922,0
87,Approve Purchase Order for payment,2011-07-08 09:52:26,2011-07-08 09:52:37,Role 4,61,1.0309784661881376,0
54,Authorize Supplier's Invoice payment,2011-07-08 09:56:31,2011-07-08 09:58:33,Role 5,58,1.0,0
54,Pay Invoice,2011-07-08 10:19:52,2011-07-08 10:24:55,Role 5,58,1.0558179070646014,0
55,Send Invoice,2011-07-08 11:05:11,2011-07-08 11:07:50,Role 2,61,1.0,0
79,Release Purchase Order,2011-07-08 11:14:22,2011-07-08 11:16:41,Role 1,60,1.0324896108802417,0
31,Release Purchase Order,2011-07-08 12:39:12,2011-07-08 12:39:36,Role 1,60,1.0324896108802417,0
76,Release Purchase Order,2011-07-08 14:19:19,2011-07-08 14:19:27,Role 1,60,1.0324896108802417,0
100,Confirm Purchase Order,2011-07-07 12:06:04,2011-07-08 14:20:08,Role 2,65,1.0675292784284096,0
83,Release Purchase Order,2011-07-08 15:02:04,2011-07-08 15:04:45,Role 1,59,1.0324896108802417,0
61,Send Invoice,2011-07-08 18:04:29,2011-07-08 18:08:55,Role 2,61,1.0,0
74,Approve Purchase Order for payment,2011-07-08 19:32:42,2011-07-08 19:32:42,Role 4,60,1.0309784661881376,0
82,Authorize Supplier's Invoice payment,2011-07-08 19:49:29,2011-07-08 19:49:29,Role 5,60,1.0,0
82,Pay Invoice,2011-07-08 19:54:12,2011-07-08 19:57:56,Role 5,57,1.0558179070646014,0
86,Authorize Supplier's Invoice payment,2011-07-08 20:48:28,2011-07-08 20:51:23,Role 5,58,1.0,0
88,Approve Purchase Order for payment,2011-07-08 21:44:31,2011-07-08 21:44:31,Role 4,59,1.0309784661881376,0
69,Send Invoice,2011-07-08 22:52:53,2011-07-08 22:55:35,Role 2,60,1.0,0
98,Deliver Goods Services,2011-07-08 23:16:07,2011-07-08 23:16:55,Role 2,61,3.7682281828485076,0
95,Deliver Goods Services,2011-07-08 23:28:15,2011-07-08 23:28:56,Role 2,61,3.7682281828485076,0
97,Deliver Goods Services,2011-07-09 00:56:10,2011-07-09 00:56:33,Role 2,61,3.7682281828485076,0
55,Release Supplier's Invoice,2011-07-09 01:09:29,2011-07-09 01:09:29,Role 5,57,1.0412731394030978,0
55,Authorize Supplier's Invoice payment,2011-07-09 01:14:32,2011-07-09 01:18:18,Role 5,56,1.0,0
55,Pay Invoice,2011-07-09 01:38:37,2011-07-09 01:39:58,Role 5,56,1.0558179070646014,0
79,Settle Dispute With Supplier,2011-07-09 02:01:13,2011-07-09 02:01:13,Role 5,57,1.0658292406497922,0
31,Approve Purchase Order for payment,2011-07-09 02:41:33,2011-07-09 02:41:33,Role 4,57,1.0309784661881376,0
76,Approve Purchase Order for payment,2011-07-09 03:04:20,2011-07-09 03:04:20,Role 4,57,1.0309784661881376,0
86,Pay Invoice,2011-07-09 04:42:48,2011-07-09 04:42:50,Role 5,56,1.0558179070646014,0
83,Settle Dispute With Supplier,2011-07-09 05:49:44,2011-07-09 05:49:44,Role 5,57,1.0658292406497922,0
61,Authorize Supplier's Invoice payment,2011-07-09 06:07:42,2011-07-09 06:08:20,Role 5,57,1.0,0
61,Pay Invoice,2011-07-09 06:16:49,2011-07-09 06:22:29,Role 5,54,1.0558179070646014,0
98,Release Purchase Order,2011-07-09 06:43:38,2011-07-09 06:44:02,Role 1,56,1.0324896108802417,0
95,Release Purchase Order,2011-07-09 06:56:15,2011-07-09 06:56:43,Role 1,56,1.0324896108802417,0
87,Send Invoice,2011-07-09 08:02:45,2011-07-09 08:05:01,Role 2,58,1.0,0
93,Send Invoice,2011-07-09 08:09:26,2011-07-09 08:11:48,Role 2,58,1.0,0
97,Release Purchase Order,2011-07-09 08:25:09,2011-07-09 08:25:23,Role 1,56,1.0324896108802417,0
83,Release Purchase Order,2011-07-09 11:44:41,2011-07-09 11:48:19,Role 1,54,1.0324896108802417,0
79,Authorize Supplier's Invoice payment,2011-07-09 12:12:55,2011-07-09 12:16:17,Role 5,55,1.0,0
69,Authorize Supplier's Invoice payment,2011-07-09 13:01:41,2011-07-09 13:01:41,Role 5,56,1.0,0
69,Pay Invoice,2011-07-09 13:06:54,2011-07-09 13:10:10,Role 5,53,1.0558179070646014,0
79,Pay Invoice,2011-07-09 16:48:25,2011-07-09 16:49:14,Role 5,53,1.0558179070646014,0
95,Approve Purchase Order for payment,2011-07-09 18:01:33,2011-07-09 18:01:33,Role 4,53,1.0309784661881376,0
88,Send Invoice,2011-07-09 18:05:47,2011-07-09 18:08:10,Role 2,56,1.0,0
98,Approve Purchase Order for payment,2011-07-09 18:21:55,2011-07-09 18:21:55,Role 4,53,1.0309784661881376,0
97,Settle Dispute With Supplier,2011-07-09 20:03:37,2011-07-09 20:03:49,Role 5,53,1.0658292406497922,0
87,Authorize Supplier's Invoice payment,2011-07-09 22:05:27,2011-07-09 22:05:27,Role 5,53,1.0,0
93,Authorize Supplier's Invoice payment,2011-07-09 22:11:26,2011-07-09 22:11:26,Role 5,53,1.0,0
87,Pay Invoice,2011-07-09 22:13:13,2011-07-09 22:16:48,Role 5,51,1.0558179070646014,0
76,Send Invoice,2011-07-09 22:17:40,2011-07-09 22:20:01,Role 2,55,1.0,0
93,Pay Invoice,2011-07-09 22:18:47,2011-07-09 22:22:27,Role 5,51,1.0558179070646014,0
31,Send Invoice,2011-07-09 23:19:12,2011-07-09 23:21:51,Role 2,55,1.0,0
74,Send Invoice,2011-07-09 23:49:17,2011-07-09 23:53:14,Role 2,57,1.0,0
83,Settle Dispute With Supplier,2011-07-10 00:54:05,2011-07-10 00:54:05,Role 5,53,1.0658292406497922,0
100,Deliver Goods Services,2011-07-10 03:45:08,2011-07-10 03:45:37,Role 2,57,3.7682281828485076,0
88,Authorize Supplier's Invoice payment,2011-07-10 08:07:05,2011-07-10 08:07:05,Role 5,51,1.0,0
88,Pay Invoice,2011-07-10 08:11:39,2011-07-10 08:14:25,Role 5,49,1.0558179070646014,0
97,Authorize Supplier's Invoice payment,2011-07-10 09:07:03,2011-07-10 09:09:28,Role 5,51,1.0,0
100,Release Purchase Order,2011-07-10 11:15:31,2011-07-10 11:15:59,Role 1,49,1.0324896108802417,0
76,Authorize Supplier's Invoice payment,2011-07-10 12:23:42,2011-07-10 12:23:42,Role 5,50,1.0,0
76,Pay Invoice,2011-07-10 12:28:13,2011-07-10 12:31:10,Role 5,48,1.0558179070646014,0
98,Send Invoice,2011-07-10 13:15:10,2011-07-10 13:17:47,Role 2,51,1.0,0
74,Authorize Supplier's Invoice payment,2011-07-10 13:24:49,2011-07-10 13:24:58,Role 5,49,1.0,0
31,Release Supplier's Invoice,2011-07-10 13:25:01,2011-07-10 13:25:01,Role 5,49,1.0412731394030978,0
31,Settle Dispute With Supplier,2011-07-10 13:27:36,2011-07-10 13:29:50,Role 5,47,1.0658292406497922,0
74,Pay Invoice,2011-07-10 13:38:23,2011-07-10 13:43:02,Role 5,47,1.0558179070646014,0
83,Authorize Supplier's Invoice payment,2011-07-10 14:50:33,2011-07-10 14:56:04,Role 5,49,1.0,0
95,Send Invoice,2011-07-10 16:58:37,2011-07-10 17:01:10,Role 2,51,1.0,0
83,Pay Invoice,2011-07-10 18:53:38,2011-07-10 18:55:19,Role 5,46,1.0558179070646014,0
31,Release Purchase Order,2011-07-10 19:08:08,2011-07-10 19:10:45,Role 1,47,1.0324896108802417,0
97,Pay Invoice,2011-07-10 19:15:12,2011-07-10 19:15:43,Role 5,48,1.0558179070646014,0
31,Settle Dispute With Supplier,2011-07-10 20:54:00,2011-07-10 20:57:25,Role 5,45,1.0658292406497922,0
100,Approve Purchase Order for payment,2011-07-10 22:38:18,2011-07-10 22:38:18,Role 4,48,1.0309784661881376,0
31,Release Purchase Order,2011-07-11 02:51:49,2011-07-11 02:58:29,Role 1,44,1.0324896108802417,0
98,Release Supplier's Invoice,2011-07-11 03:17:47,2011-07-11 03:17:47,Role 5,47,1.0412731394030978,0
98,Settle Dispute With Supplier,2011-07-11 03:29:37,2011-07-11 03:32:31,Role 5,44,1.0658292406497922,0
95,Release Supplier's Invoice,2011-07-11 07:00:48,2011-07-11 07:00:48,Role 5,46,1.0412731394030978,0
95,Settle Dispute With Supplier,2011-07-11 07:06:34,2011-07-11 07:09:32,Role 5,44,1.0658292406497922,0
95,Authorize Supplier's Invoice payment,2011-07-11 07:23:43,2011-07-11 07:24:17,Role 5,44,1.0,0
95,Pay Invoice,2011-07-11 07:44:40,2011-07-11 07:49:53,Role 5,44,1.0558179070646014,0
98,Release Purchase Order,2011-07-11 09:26:18,2011-07-11 09:26:18,Role 1,44,1.0324896108802417,0
31,Approve Purchase Order for payment,2011-07-11 10:58:33,2011-07-11 11:03:30,Role 4,44,1.0309784661881376,0
98,Approve Purchase Order for payment,2011-07-11 14:30:58,2011-07-11 14:34:26,Role 4,43,1.0309784661881376,0
100,Send Invoice,2011-07-11 16:16:28,2011-07-11 16:19:04,Role 2,44,1.0,0
98,Send Invoice,2011-07-11 22:27:38,2011-07-11 22:36:32,Role 2,43,1.0,0
98,Release Supplier's Invoice,2011-07-12 00:02:46,2011-07-12 00:06:46,Role 5,43,1.0412731394030978,0
98,Settle Dispute With Supplier,2011-07-12 00:21:24,2011-07-12 00:28:25,Role 5,43,1.0658292406497922,0
98,Authorize Supplier's Invoice payment,2011-07-12 00:48:14,2011-07-12 00:59:15,Role 5,43,1.0,0
98,Pay Invoice,2011-07-12 01:20:37,2011-07-12 01:31:38,Role 5,43,1.0558179070646014,0
100,Authorize Supplier's Invoice payment,2011-07-12 06:19:54,2011-07-12 06:19:56,Role 5,43,1.0,0
100,Pay Invoice,2011-07-12 06:56:26,2011-07-12 06:59:37,Role 5,42,1.0558179070646014,0
31,Send Invoice,2011-07-12 17:58:11,2011-07-12 18:05:56,Role 2,43,1.0,0
31,Authorize Supplier's Invoice payment,2011-07-13 02:21:15,2011-07-13 02:29:44,Role 5,41,1.0,0
31,Pay Invoice,2011-07-13 02:39:47,2011-07-13 02:53:33,Role 5,41,1.0558179070646014,0
