caseid,task,resource,role,time:timestamp,pr_instances,tsk_start_inst,start:timestamp
Case1,Turning & Milling,res_448cdfd3-4fbc-43a7-b5c5-ba5a61973f06,Role 1,2012-03-13 03:41:31,12,1,2012-03-13 00:24:07
Case2,Turning & Milling,res_824c74be-6159-4186-b77a-a617b8538c2a,Role 1,2012-03-13 05:03:30,13,2,2012-03-13 01:48:33
Case1,Turning & Milling,res_89bcacc2-770a-459d-aa4b-5bf27b1dcf5f,Role 1,2012-03-13 05:33:55,15,3,2012-03-13 03:41:33
Case3,Milling Q.C.,res_b3746141-dd86-44d1-afef-3d3542fd70c5,Role 1,2012-03-13 06:21:44,14,0,2012-03-13 02:40:11
Case4,Turning & Milling,res_102f1f83-992a-441f-99ac-373f56671189,Role 1,2012-03-13 06:56:38,15,3,2012-03-13 03:37:49
Case2,Laser Marking,res_7ad0fd0a-b68b-46f4-be67-20294803ab47,Role 4,2012-03-13 07:27:24,16,0,2012-03-13 05:03:32
Case5,Turning & Milling,res_7ad0fd0a-b68b-46f4-be67-20294803ab47,Role 1,2012-03-13 07:37:09,16,4,2012-03-13 04:17:43
Case3,Packing,res_6fd200ae-f1ac-4cb6-8a27-cb13e1ee22fe,Role 5,2012-03-13 09:26:00,17,0,2012-03-13 06:21:46
Case6,Rework Milling,res_6fd200ae-f1ac-4cb6-8a27-cb13e1ee22fe,Role 1,2012-03-13 09:48:49,17,0,2012-03-13 05:40:09
Case4,Turning,res_3fcbb3fd-b39a-4169-aa0e-a56a05c8471a,Role 1,2012-03-13 09:50:55,18,0,2012-03-13 06:56:40
Case5,Milling,res_3fcbb3fd-b39a-4169-aa0e-a56a05c8471a,Role 1,2012-03-13 10:06:53,18,0,2012-03-13 07:37:11
Case7,Change Version,res_dabc6b57-c25a-4a28-87fa-750d54e9a156,Role 1,2012-03-13 10:56:21,18,0,2012-03-13 06:44:45
Case8,Turning & Milling Q.C.,res_102f1f83-992a-441f-99ac-373f56671189,Role 3,2012-03-13 11:41:29,19,0,2012-03-13 07:55:27
Case2,Round Grinding,res_b3746141-dd86-44d1-afef-3d3542fd70c5,Role 2,2012-03-13 11:57:04,20,0,2012-03-13 09:50:50
Case1,Laser Marking,res_b3746141-dd86-44d1-afef-3d3542fd70c5,Role 4,2012-03-13 11:59:23,20,0,2012-03-13 10:16:43
Case9,Turning & Milling,res_b3746141-dd86-44d1-afef-3d3542fd70c5,Role 1,2012-03-13 12:24:01,20,1,2012-03-13 08:23:34
Case6,Milling Q.C.,res_bbf73c69-f27b-4df9-8efc-6884050c63c3,Role 1,2012-03-13 13:04:15,20,0,2012-03-13 09:48:51
Case10,Rework Milling,res_bbf73c69-f27b-4df9-8efc-6884050c63c3,Role 1,2012-03-13 13:11:10,21,1,2012-03-13 09:07:05
Case7,Final Inspection Q.C.,res_2cd4a23d-bbcf-46df-9ed3-f4f921f4f644,Role 3,2012-03-13 14:22:04,20,0,2012-03-13 10:56:23
Case8,Turn & Mill. & Screw Assem,res_2cd4a23d-bbcf-46df-9ed3-f4f921f4f644,Role 1,2012-03-13 14:39:12,21,0,2012-03-13 11:41:31
Case9,Laser Marking,res_2cd4a23d-bbcf-46df-9ed3-f4f921f4f644,Role 4,2012-03-13 15:02:17,21,0,2012-03-13 12:24:03
Case11,Turning & Milling,res_b3746141-dd86-44d1-afef-3d3542fd70c5,Role 1,2012-03-13 15:26:11,21,2,2012-03-13 11:23:13
Case10,Change Version,res_af185ea0-d40a-4ab5-8d9d-8f3b9034c052,Role 1,2012-03-13 16:12:29,22,0,2012-03-13 13:11:12
Case5,Final Inspection Q.C.,res_af185ea0-d40a-4ab5-8d9d-8f3b9034c052,Role 3,2012-03-13 16:25:02,24,1,2012-03-13 14:10:26
Case12,Rework Milling,res_af185ea0-d40a-4ab5-8d9d-8f3b9034c052,Role 1,2012-03-13 16:45:00,22,1,2012-03-13 12:28:30
Case4,Turning Q.C.,res_15ee7789-5eca-4759-a6f8-52783226bc10,Role 1,2012-03-13 17:59:15,25,0,2012-03-13 15:42:48
Case13,Turning & Milling Q.C.,res_15ee7789-5eca-4759-a6f8-52783226bc10,Role 3,2012-03-13 18:01:16,23,0,2012-03-13 13:41:31
Case11,Turning,res_15ee7789-5eca-4759-a6f8-52783226bc10,Role 1,2012-03-13 18:04:44,25,0,2012-03-13 15:26:13
Case14,Turning & Milling,res_15ee7789-5eca-4759-a6f8-52783226bc10,Role 1,2012-03-13 18:10:09,24,2,2012-03-13 14:02:20
Case15,Turning & Milling,res_a23e3285-9129-48d6-aaf1-5a280fb168a6,Role 1,2012-03-13 19:02:30,25,3,2012-03-13 15:11:05
Case9,Round Grinding,res_dabc6b57-c25a-4a28-87fa-750d54e9a156,Role 2,2012-03-13 19:36:40,26,0,2012-03-13 17:31:04
Case12,Turning & Milling,res_dabc6b57-c25a-4a28-87fa-750d54e9a156,Role 1,2012-03-13 19:36:46,24,3,2012-03-13 16:45:02
Case11,Turning Q.C.,res_102f1f83-992a-441f-99ac-373f56671189,Role 1,2012-03-13 20:44:21,27,0,2012-03-13 18:31:49
Case16,Rework Milling,res_c398216d-6a9e-46b5-bfff-c451cd975bee,Role 1,2012-03-13 20:57:39,25,0,2012-03-13 16:49:37
Case1,Flat Grinding,res_102f1f83-992a-441f-99ac-373f56671189,Role 4,2012-03-13 20:57:53,27,0,2012-03-13 19:32:41
Case17,Turning & Milling,res_102f1f83-992a-441f-99ac-373f56671189,Role 1,2012-03-13 21:04:29,26,4,2012-03-13 17:10:43
Case13,Round Grinding,res_448cdfd3-4fbc-43a7-b5c5-ba5a61973f06,Role 2,2012-03-13 21:11:01,26,1,2012-03-13 18:01:18
Case14,Milling,res_448cdfd3-4fbc-43a7-b5c5-ba5a61973f06,Role 1,2012-03-13 21:11:42,26,0,2012-03-13 18:10:11
Case15,Turning & Milling Q.C.,res_11b41337-6683-49c6-9fbc-1790068cd61c,Role 3,2012-03-13 21:41:15,27,0,2012-03-13 19:02:32
Case10,Final Inspection Q.C.,res_448cdfd3-4fbc-43a7-b5c5-ba5a61973f06,Role 3,2012-03-13 22:18:35,27,0,2012-03-13 19:41:25
Case18,Change Version,res_448cdfd3-4fbc-43a7-b5c5-ba5a61973f06,Role 1,2012-03-13 22:23:23,27,0,2012-03-13 18:21:56
Case6,Packing,res_2cd4a23d-bbcf-46df-9ed3-f4f921f4f644,Role 5,2012-03-13 23:22:01,28,0,2012-03-13 20:50:39
Case17,Milling,res_a96f9a78-d9f4-4ece-a229-b553cc7af2db,Role 1,2012-03-13 23:47:42,28,1,2012-03-13 21:04:31
Case16,Change Version,res_6522742c-ee2f-4759-a60e-e76c582c48e3,Role 1,2012-03-13 23:58:32,28,2,2012-03-13 20:57:41
Case19,Change Version,res_09f2ea0d-3074-44f2-84bc-ce60b4d83045,Role 1,2012-03-14 00:39:21,28,1,2012-03-13 20:24:01
Case20,Turning & Milling Q.C.,res_7c8fdabb-be81-4c67-8e41-ad67d9e92ea6,Role 3,2012-03-14 01:25:05,29,1,2012-03-13 21:24:00
Case18,Final Inspection Q.C.,res_3fcbb3fd-b39a-4169-aa0e-a56a05c8471a,Role 3,2012-03-14 01:45:20,30,0,2012-03-13 22:23:25
Case14,Final Inspection Q.C.,res_a23e3285-9129-48d6-aaf1-5a280fb168a6,Role 3,2012-03-14 02:08:43,30,1,2012-03-14 00:09:03
Case21,Turning & Milling,res_a23e3285-9129-48d6-aaf1-5a280fb168a6,Role 1,2012-03-14 02:20:55,30,1,2012-03-13 22:10:28
Case7,Grinding Rework,res_11b41337-6683-49c6-9fbc-1790068cd61c,Role 2,2012-03-14 02:24:48,30,0,2012-03-13 23:52:15
Case15,Flat Grinding,res_11b41337-6683-49c6-9fbc-1790068cd61c,Role 4,2012-03-14 02:29:30,30,0,2012-03-14 00:43:19
Case8,Turning & Milling Q.C.,res_a96f9a78-d9f4-4ece-a229-b553cc7af2db,Role 3,2012-03-14 02:43:28,30,1,2012-03-14 00:46:46
Case19,Final Inspection Q.C.,res_a96f9a78-d9f4-4ece-a229-b553cc7af2db,Role 3,2012-03-14 03:01:03,30,2,2012-03-14 00:39:23
Case13,Packing,res_448cdfd3-4fbc-43a7-b5c5-ba5a61973f06,Role 5,2012-03-14 03:18:07,31,0,2012-03-14 01:04:19
Case2,Laser Marking,res_448cdfd3-4fbc-43a7-b5c5-ba5a61973f06,Role 4,2012-03-14 03:24:53,30,0,2012-03-14 01:47:04
Case20,Round Grinding,res_86102e31-9221-41dc-a7b4-ff583596dac8,Role 2,2012-03-14 03:44:53,31,0,2012-03-14 01:25:07
Case22,Rework Milling,res_09f2ea0d-3074-44f2-84bc-ce60b4d83045,Role 1,2012-03-14 03:52:06,30,0,2012-03-13 23:44:25
Case19,Packing,res_6fd200ae-f1ac-4cb6-8a27-cb13e1ee22fe,Role 5,2012-03-14 03:52:35,31,1,2012-03-14 03:01:05
Case12,Milling,res_6fd200ae-f1ac-4cb6-8a27-cb13e1ee22fe,Role 1,2012-03-14 03:56:15,30,0,2012-03-14 01:56:02
Case4,Turning & Milling,res_af185ea0-d40a-4ab5-8d9d-8f3b9034c052,Role 1,2012-03-14 04:27:44,31,1,2012-03-14 03:03:48
Case20,Turning & Milling Q.C.,res_af185ea0-d40a-4ab5-8d9d-8f3b9034c052,Role 3,2012-03-14 04:28:42,32,1,2012-03-14 03:44:55
Case21,Turning & Milling Q.C.,res_af185ea0-d40a-4ab5-8d9d-8f3b9034c052,Role 3,2012-03-14 04:58:20,30,1,2012-03-14 02:20:57
Case1,Laser Marking,res_af185ea0-d40a-4ab5-8d9d-8f3b9034c052,Role 4,2012-03-14 04:59:09,32,0,2012-03-14 03:59:46
Case23,Milling Q.C.,res_09f2ea0d-3074-44f2-84bc-ce60b4d83045,Role 1,2012-03-14 05:53:18,31,0,2012-03-14 01:01:16
Case22,Turning,res_c398216d-6a9e-46b5-bfff-c451cd975bee,Role 1,2012-03-14 06:23:08,32,0,2012-03-14 03:52:08
Case17,Final Inspection Q.C.,res_6fd200ae-f1ac-4cb6-8a27-cb13e1ee22fe,Role 3,2012-03-14 06:42:35,33,0,2012-03-14 05:02:43
Case22,Turning Q.C.,res_496cabdb-d595-4a8c-949d-228248ed85f2,Role 1,2012-03-14 06:52:08,34,0,2012-03-14 06:23:10
Case22,Turning & Milling,res_6fd200ae-f1ac-4cb6-8a27-cb13e1ee22fe,Role 1,2012-03-14 06:52:10,34,2,2012-03-14 06:52:10
Case24,Rework Milling,res_b3746141-dd86-44d1-afef-3d3542fd70c5,Role 1,2012-03-14 07:12:11,31,1,2012-03-14 02:30:00
Case16,Final Inspection Q.C.,res_2cd4a23d-bbcf-46df-9ed3-f4f921f4f644,Role 3,2012-03-14 07:19:46,34,1,2012-03-14 05:32:09
Case23,Packing,res_2cd4a23d-bbcf-46df-9ed3-f4f921f4f644,Role 5,2012-03-14 07:35:34,34,0,2012-03-14 05:53:20
Case19,Final Inspection Q.C.,res_2cd4a23d-bbcf-46df-9ed3-f4f921f4f644,Role 3,2012-03-14 07:46:39,32,0,2012-03-14 07:46:39
Case25,Turning & Milling,res_86102e31-9221-41dc-a7b4-ff583596dac8,Role 1,2012-03-14 07:58:10,32,2,2012-03-14 03:35:43
Case21,Turn & Mill. & Screw Assem,res_09f2ea0d-3074-44f2-84bc-ce60b4d83045,Role 1,2012-03-14 08:10:35,34,0,2012-03-14 07:07:39
Case10,Grinding Rework,res_6fd200ae-f1ac-4cb6-8a27-cb13e1ee22fe,Role 2,2012-03-14 08:27:29,34,0,2012-03-14 06:43:32
Case24,Turning & Milling Q.C.,res_09f2ea0d-3074-44f2-84bc-ce60b4d83045,Role 3,2012-03-14 08:42:58,34,0,2012-03-14 07:12:13
Case24,Laser Marking,res_dabc6b57-c25a-4a28-87fa-750d54e9a156,Role 4,2012-03-14 08:43:00,33,0,2012-03-14 08:43:00
Case1,Final Inspection Q.C.,res_dabc6b57-c25a-4a28-87fa-750d54e9a156,Role 3,2012-03-14 08:49:02,33,0,2012-03-14 08:28:33
Case25,Turning & Milling Q.C.,res_dabc6b57-c25a-4a28-87fa-750d54e9a156,Role 3,2012-03-14 08:57:31,32,1,2012-03-14 07:58:12
Case25,Turning & Milling,res_86102e31-9221-41dc-a7b4-ff583596dac8,Role 1,2012-03-14 08:57:33,33,2,2012-03-14 08:57:33
Case25,Milling,res_448cdfd3-4fbc-43a7-b5c5-ba5a61973f06,Role 1,2012-03-14 08:57:35,33,0,2012-03-14 08:57:35
Case25,Final Inspection Q.C.,res_11b41337-6683-49c6-9fbc-1790068cd61c,Role 3,2012-03-14 08:57:37,33,0,2012-03-14 08:57:37
Case26,Turning,res_11b41337-6683-49c6-9fbc-1790068cd61c,Role 1,2012-03-14 09:13:09,33,1,2012-03-14 04:27:13
Case11,Turning & Milling,res_89bcacc2-770a-459d-aa4b-5bf27b1dcf5f,Role 1,2012-03-14 09:19:36,32,1,2012-03-14 08:11:43
Case27,Turning,res_89bcacc2-770a-459d-aa4b-5bf27b1dcf5f,Role 1,2012-03-14 09:33:21,34,2,2012-03-14 05:18:42
Case2,Lapping,res_448cdfd3-4fbc-43a7-b5c5-ba5a61973f06,Role 4,2012-03-14 09:37:59,33,0,2012-03-14 09:16:23
Case24,Lapping,res_dabc6b57-c25a-4a28-87fa-750d54e9a156,Role 4,2012-03-14 09:44:04,33,0,2012-03-14 09:44:04
Case26,Turning Q.C.,res_2cd4a23d-bbcf-46df-9ed3-f4f921f4f644,Role 1,2012-03-14 10:27:10,33,0,2012-03-14 09:13:11
Case26,Turning & Milling,res_86102e31-9221-41dc-a7b4-ff583596dac8,Role 1,2012-03-14 10:27:12,34,2,2012-03-14 10:27:12
Case26,Turning & Milling Q.C.,res_09f2ea0d-3074-44f2-84bc-ce60b4d83045,Role 3,2012-03-14 10:27:14,34,0,2012-03-14 10:27:14
Case27,Turning Q.C.,res_09f2ea0d-3074-44f2-84bc-ce60b4d83045,Role 1,2012-03-14 10:30:02,33,1,2012-03-14 09:33:23
Case27,Turning & Milling,res_7ad0fd0a-b68b-46f4-be67-20294803ab47,Role 1,2012-03-14 10:32:12,34,2,2012-03-14 10:30:04
Case27,Laser Marking,res_dabc6b57-c25a-4a28-87fa-750d54e9a156,Role 4,2012-03-14 10:32:52,34,0,2012-03-14 10:32:14
Case9,Final Inspection Q.C.,res_dabc6b57-c25a-4a28-87fa-750d54e9a156,Role 3,2012-03-14 10:36:24,33,0,2012-03-14 09:38:59
Case12,Final Inspection Q.C.,res_dabc6b57-c25a-4a28-87fa-750d54e9a156,Role 3,2012-03-14 11:02:56,34,1,2012-03-14 10:10:57
Case21,Turning & Milling Q.C.,res_09f2ea0d-3074-44f2-84bc-ce60b4d83045,Role 3,2012-03-14 11:41:47,34,0,2012-03-14 11:41:47
Case28,Rework Milling,res_a94cd673-91b9-44d9-8562-5052e2c2ad9b,Role 1,2012-03-14 12:11:59,32,0,2012-03-14 07:52:56
Case28,Turning & Milling,res_448cdfd3-4fbc-43a7-b5c5-ba5a61973f06,Role 1,2012-03-14 12:21:28,34,3,2012-03-14 12:12:01
Case28,Milling,res_7ad0fd0a-b68b-46f4-be67-20294803ab47,Role 1,2012-03-14 12:21:30,35,0,2012-03-14 12:21:30
Case28,Final Inspection Q.C.,res_2cd4a23d-bbcf-46df-9ed3-f4f921f4f644,Role 3,2012-03-14 12:21:32,35,0,2012-03-14 12:21:32
Case28,Grinding Rework,res_15ee7789-5eca-4759-a6f8-52783226bc10,Role 2,2012-03-14 12:21:34,35,0,2012-03-14 12:21:34
Case1,Round Grinding,res_15ee7789-5eca-4759-a6f8-52783226bc10,Role 2,2012-03-14 12:37:52,35,1,2012-03-14 12:37:52
Case25,Round Grinding,res_15ee7789-5eca-4759-a6f8-52783226bc10,Role 2,2012-03-14 12:38:57,34,0,2012-03-14 12:04:05
Case28,Final Inspection Q.C.,res_11b41337-6683-49c6-9fbc-1790068cd61c,Role 3,2012-03-14 12:54:41,35,0,2012-03-14 12:54:41
Case29,Turning,res_11b41337-6683-49c6-9fbc-1790068cd61c,Role 1,2012-03-14 12:55:32,33,2,2012-03-14 08:24:44
Case20,Stress Relief,res_86102e31-9221-41dc-a7b4-ff583596dac8,Role 1,2012-03-14 13:04:50,35,0,2012-03-14 13:04:50
Case22,Turning & Milling Q.C.,res_09f2ea0d-3074-44f2-84bc-ce60b4d83045,Role 3,2012-03-14 13:09:57,35,0,2012-03-14 13:09:57
Case2,Round Grinding,res_15ee7789-5eca-4759-a6f8-52783226bc10,Role 2,2012-03-14 13:33:23,35,0,2012-03-14 13:33:23
Case29,Turning Q.C.,res_15ee7789-5eca-4759-a6f8-52783226bc10,Role 1,2012-03-14 13:38:55,35,0,2012-03-14 12:55:34
Case29,Turning & Milling,res_102f1f83-992a-441f-99ac-373f56671189,Role 1,2012-03-14 13:38:57,35,3,2012-03-14 13:38:57
Case29,Turning & Milling Q.C.,res_11b41337-6683-49c6-9fbc-1790068cd61c,Role 3,2012-03-14 13:38:59,35,0,2012-03-14 13:38:59
Case17,Packing,res_09f2ea0d-3074-44f2-84bc-ce60b4d83045,Role 5,2012-03-14 13:40:18,35,0,2012-03-14 13:27:32
Case30,Turning & Milling,res_448cdfd3-4fbc-43a7-b5c5-ba5a61973f06,Role 1,2012-03-14 14:17:10,34,1,2012-03-14 09:57:36
Case29,Nitration Q.C.,res_a96f9a78-d9f4-4ece-a229-b553cc7af2db,Role 3,2012-03-14 14:29:18,35,0,2012-03-14 13:39:01
Case15,Lapping,res_09f2ea0d-3074-44f2-84bc-ce60b4d83045,Role 4,2012-03-14 15:15:28,37,0,2012-03-14 14:58:23
Case30,Milling,res_09f2ea0d-3074-44f2-84bc-ce60b4d83045,Role 1,2012-03-14 15:20:01,36,0,2012-03-14 14:17:12
Case30,Final Inspection Q.C.,res_09f2ea0d-3074-44f2-84bc-ce60b4d83045,Role 3,2012-03-14 15:20:03,37,1,2012-03-14 15:20:03
Case30,Packing,res_c398216d-6a9e-46b5-bfff-c451cd975bee,Role 5,2012-03-14 15:20:05,37,0,2012-03-14 15:20:05
Case31,Turning & Milling,res_c398216d-6a9e-46b5-bfff-c451cd975bee,Role 1,2012-03-14 15:23:10,34,2,2012-03-14 11:39:41
Case2,Lapping,res_dabc6b57-c25a-4a28-87fa-750d54e9a156,Role 4,2012-03-14 15:37:37,37,0,2012-03-14 15:37:37
Case13,Final Inspection Q.C.,res_dabc6b57-c25a-4a28-87fa-750d54e9a156,Role 3,2012-03-14 15:50:28,37,0,2012-03-14 15:00:25
Case32,Rework Milling,res_7ad0fd0a-b68b-46f4-be67-20294803ab47,Role 1,2012-03-14 16:06:23,35,0,2012-03-14 12:17:57
Case32,Milling Q.C.,res_bbf73c69-f27b-4df9-8efc-6884050c63c3,Role 1,2012-03-14 16:06:57,37,0,2012-03-14 16:06:25
Case32,Packing,res_c398216d-6a9e-46b5-bfff-c451cd975bee,Role 5,2012-03-14 16:06:59,37,0,2012-03-14 16:06:59
Case4,Milling,res_7ad0fd0a-b68b-46f4-be67-20294803ab47,Role 1,2012-03-14 16:15:03,37,0,2012-03-14 15:57:56
Case31,Turning & Milling,res_7ad0fd0a-b68b-46f4-be67-20294803ab47,Role 1,2012-03-14 16:28:07,37,2,2012-03-14 15:23:12
Case31,Milling,res_86102e31-9221-41dc-a7b4-ff583596dac8,Role 1,2012-03-14 16:28:09,37,0,2012-03-14 16:28:09
Case31,Final Inspection Q.C.,res_2cd4a23d-bbcf-46df-9ed3-f4f921f4f644,Role 3,2012-03-14 16:36:25,37,0,2012-03-14 16:28:11
Case10,Packing,res_3fcbb3fd-b39a-4169-aa0e-a56a05c8471a,Role 5,2012-03-14 16:46:17,36,0,2012-03-14 16:09:31
Case1,Turning & Milling Q.C.,res_2cd4a23d-bbcf-46df-9ed3-f4f921f4f644,Role 3,2012-03-14 16:55:54,37,0,2012-03-14 16:55:54
Case21,Round Grinding,res_3fcbb3fd-b39a-4169-aa0e-a56a05c8471a,Role 2,2012-03-14 17:00:08,37,0,2012-03-14 17:00:08
Case24,Turning Rework,res_a96f9a78-d9f4-4ece-a229-b553cc7af2db,Role 1,2012-03-14 17:29:53,37,0,2012-03-14 17:29:53
Case9,Grinding Rework,res_a96f9a78-d9f4-4ece-a229-b553cc7af2db,Role 2,2012-03-14 17:32:02,37,1,2012-03-14 17:11:47
Case8,Nitration Q.C.,res_a23e3285-9129-48d6-aaf1-5a280fb168a6,Role 3,2012-03-14 17:42:30,37,0,2012-03-14 16:55:39
Case26,Stress Relief,res_a23e3285-9129-48d6-aaf1-5a280fb168a6,Role 1,2012-03-14 17:59:44,38,0,2012-03-14 17:59:44
Case33,Turning & Milling,res_a23e3285-9129-48d6-aaf1-5a280fb168a6,Role 1,2012-03-14 18:02:45,36,3,2012-03-14 13:49:37
Case27,Final Inspection Q.C.,res_09f2ea0d-3074-44f2-84bc-ce60b4d83045,Role 3,2012-03-14 18:06:28,38,0,2012-03-14 18:04:49
Case31,Grinding Rework,res_94206346-c42a-4393-af26-944045d91ddc,Role 2,2012-03-14 18:16:29,37,0,2012-03-14 16:36:27
Case29,Laser Marking,res_86102e31-9221-41dc-a7b4-ff583596dac8,Role 4,2012-03-14 18:39:03,37,0,2012-03-14 16:46:41
Case34,Turning,res_86102e31-9221-41dc-a7b4-ff583596dac8,Role 1,2012-03-14 18:44:00,37,0,2012-03-14 14:23:37
Case33,Turning & Milling Q.C.,res_af185ea0-d40a-4ab5-8d9d-8f3b9034c052,Role 3,2012-03-14 19:05:04,38,0,2012-03-14 18:02:47
Case33,Laser Marking,res_dabc6b57-c25a-4a28-87fa-750d54e9a156,Role 4,2012-03-14 19:05:06,39,0,2012-03-14 19:05:06
Case33,Flat Grinding,res_dabc6b57-c25a-4a28-87fa-750d54e9a156,Role 4,2012-03-14 19:05:08,39,0,2012-03-14 19:05:08
Case28,Grinding Rework,res_a94cd673-91b9-44d9-8562-5052e2c2ad9b,Role 2,2012-03-14 19:15:58,38,1,2012-03-14 18:07:10
Case34,Turning Q.C.,res_a94cd673-91b9-44d9-8562-5052e2c2ad9b,Role 1,2012-03-14 19:20:35,39,0,2012-03-14 18:44:02
Case34,Turning & Milling,res_a23e3285-9129-48d6-aaf1-5a280fb168a6,Role 1,2012-03-14 19:20:37,39,2,2012-03-14 19:20:37
Case34,Turning & Milling Q.C.,res_11b41337-6683-49c6-9fbc-1790068cd61c,Role 3,2012-03-14 19:20:39,39,0,2012-03-14 19:20:39
Case35,Rework Milling,res_11b41337-6683-49c6-9fbc-1790068cd61c,Role 1,2012-03-14 19:41:45,37,1,2012-03-14 15:53:53
Case14,Grinding Rework,res_86102e31-9221-41dc-a7b4-ff583596dac8,Role 2,2012-03-14 19:44:35,39,1,2012-03-14 19:11:30
Case20,Turning & Milling,res_6fd200ae-f1ac-4cb6-8a27-cb13e1ee22fe,Role 1,2012-03-14 19:49:55,40,2,2012-03-14 19:49:55
Case33,Laser Marking,res_7ad0fd0a-b68b-46f4-be67-20294803ab47,Role 4,2012-03-14 20:05:02,39,0,2012-03-14 19:05:10
Case36,Turning & Milling,res_7ad0fd0a-b68b-46f4-be67-20294803ab47,Role 1,2012-03-14 20:06:53,37,3,2012-03-14 16:14:10
Case35,Turning,res_dabc6b57-c25a-4a28-87fa-750d54e9a156,Role 1,2012-03-14 20:10:56,39,0,2012-03-14 19:41:47
Case35,Turning Q.C.,res_a96f9a78-d9f4-4ece-a229-b553cc7af2db,Role 1,2012-03-14 20:10:58,40,0,2012-03-14 20:10:58
Case11,Milling Q.C.,res_a96f9a78-d9f4-4ece-a229-b553cc7af2db,Role 1,2012-03-14 20:11:25,40,0,2012-03-14 19:50:18
Case2,Laser Marking,res_89bcacc2-770a-459d-aa4b-5bf27b1dcf5f,Role 4,2012-03-14 20:46:44,40,1,2012-03-14 20:39:36
Case30,Fix,res_824c74be-6159-4186-b77a-a617b8538c2a,Role 1,2012-03-14 20:55:18,40,0,2012-03-14 20:55:18
Case36,Laser Marking,res_824c74be-6159-4186-b77a-a617b8538c2a,Role 4,2012-03-14 21:19:20,40,0,2012-03-14 20:06:55
Case36,Flat Grinding,res_dabc6b57-c25a-4a28-87fa-750d54e9a156,Role 4,2012-03-14 21:19:22,40,0,2012-03-14 21:19:22
Case36,Laser Marking,res_89bcacc2-770a-459d-aa4b-5bf27b1dcf5f,Role 4,2012-03-14 21:19:24,40,0,2012-03-14 21:19:24
Case25,Turning & Milling Q.C.,res_448cdfd3-4fbc-43a7-b5c5-ba5a61973f06,Role 3,2012-03-14 21:37:30,40,0,2012-03-14 19:47:21
Case17,Final Inspection Q.C.,res_2cd4a23d-bbcf-46df-9ed3-f4f921f4f644,Role 3,2012-03-14 22:00:43,41,0,2012-03-14 22:00:43
Case37,Rework Milling,res_824c74be-6159-4186-b77a-a617b8538c2a,Role 1,2012-03-14 22:10:58,38,1,2012-03-14 17:35:45
Case35,Turning & Milling,res_09f2ea0d-3074-44f2-84bc-ce60b4d83045,Role 1,2012-03-14 22:33:37,41,2,2012-03-14 22:02:50
Case4,Final Inspection Q.C.,res_2cd4a23d-bbcf-46df-9ed3-f4f921f4f644,Role 3,2012-03-14 22:38:35,42,0,2012-03-14 22:38:35
Case38,Rework Milling,res_2cd4a23d-bbcf-46df-9ed3-f4f921f4f644,Role 1,2012-03-14 22:51:45,39,2,2012-03-14 18:22:15
Case22,Nitration Q.C.,res_11b41337-6683-49c6-9fbc-1790068cd61c,Role 3,2012-03-14 23:16:32,42,0,2012-03-14 23:16:32
Case37,Turning & Milling Q.C.,res_af185ea0-d40a-4ab5-8d9d-8f3b9034c052,Role 3,2012-03-14 23:28:15,42,0,2012-03-14 22:11:00
Case37,Flat Grinding,res_89bcacc2-770a-459d-aa4b-5bf27b1dcf5f,Role 4,2012-03-14 23:28:17,43,0,2012-03-14 23:28:17
Case7,Packing,res_dabc6b57-c25a-4a28-87fa-750d54e9a156,Role 5,2012-03-14 23:42:18,41,0,2012-03-14 21:56:58
Case37,Lapping,res_dabc6b57-c25a-4a28-87fa-750d54e9a156,Role 4,2012-03-14 23:55:24,43,0,2012-03-14 23:28:19
Case39,Rework Milling,res_dabc6b57-c25a-4a28-87fa-750d54e9a156,Role 1,2012-03-14 23:55:30,40,2,2012-03-14 19:46:42
Case10,Final Inspection Q.C.,res_bbf73c69-f27b-4df9-8efc-6884050c63c3,Role 3,2012-03-15 00:16:11,43,0,2012-03-14 23:39:26
Case38,Turning,res_bbf73c69-f27b-4df9-8efc-6884050c63c3,Role 1,2012-03-15 00:34:18,42,1,2012-03-14 22:51:47
Case34,Laser Marking,res_89bcacc2-770a-459d-aa4b-5bf27b1dcf5f,Role 4,2012-03-15 01:12:23,43,0,2012-03-14 23:29:20
Case40,Turning & Milling,res_6fd200ae-f1ac-4cb6-8a27-cb13e1ee22fe,Role 1,2012-03-15 01:39:01,41,1,2012-03-14 21:25:00
Case41,Turning,res_dabc6b57-c25a-4a28-87fa-750d54e9a156,Role 1,2012-03-15 02:08:43,42,0,2012-03-14 22:07:20
Case39,Turning & Milling Q.C.,res_102f1f83-992a-441f-99ac-373f56671189,Role 3,2012-03-15 02:09:57,43,0,2012-03-14 23:55:32
Case1,Laser Marking,res_a96f9a78-d9f4-4ece-a229-b553cc7af2db,Role 4,2012-03-15 02:31:04,44,1,2012-03-15 00:55:22
Case33,Flat Grinding,res_a96f9a78-d9f4-4ece-a229-b553cc7af2db,Role 4,2012-03-15 02:34:56,43,0,2012-03-14 23:39:51
Case15,Turning Rework,res_a96f9a78-d9f4-4ece-a229-b553cc7af2db,Role 1,2012-03-15 03:02:44,44,0,2012-03-15 01:37:17
Case38,Turning Q.C.,res_a96f9a78-d9f4-4ece-a229-b553cc7af2db,Role 1,2012-03-15 03:08:09,44,0,2012-03-15 00:34:20
Case42,Milling Q.C.,res_09f2ea0d-3074-44f2-84bc-ce60b4d83045,Role 1,2012-03-15 03:48:26,43,0,2012-03-14 23:20:09
Case40,Laser Marking,res_09f2ea0d-3074-44f2-84bc-ce60b4d83045,Role 4,2012-03-15 04:53:08,44,1,2012-03-15 01:39:03
Case9,Final Inspection Q.C.,res_a623461a-c618-4b9e-850c-e084475c7d9a,Role 3,2012-03-15 05:04:07,46,1,2012-03-15 03:35:16
Case21,Turning & Milling Q.C.,res_a623461a-c618-4b9e-850c-e084475c7d9a,Role 3,2012-03-15 05:07:50,46,1,2012-03-15 03:45:35
Case43,Rework Milling,res_a623461a-c618-4b9e-850c-e084475c7d9a,Role 1,2012-03-15 05:15:28,44,0,2012-03-15 00:01:13
Case41,Turning Q.C.,res_89bcacc2-770a-459d-aa4b-5bf27b1dcf5f,Role 1,2012-03-15 05:46:17,44,1,2012-03-15 02:08:45
Case39,Laser Marking,res_89bcacc2-770a-459d-aa4b-5bf27b1dcf5f,Role 4,2012-03-15 05:54:06,44,2,2012-03-15 02:09:59
Case4,Grinding Rework,res_3fcbb3fd-b39a-4169-aa0e-a56a05c8471a,Role 2,2012-03-15 06:20:00,45,0,2012-03-15 05:17:29
Case36,Round Grinding,res_3fcbb3fd-b39a-4169-aa0e-a56a05c8471a,Role 2,2012-03-15 06:29:31,44,0,2012-03-15 02:18:05
Case38,Turning & Milling,res_a23e3285-9129-48d6-aaf1-5a280fb168a6,Role 1,2012-03-15 07:06:52,46,1,2012-03-15 04:16:52
Case42,Packing,res_a23e3285-9129-48d6-aaf1-5a280fb168a6,Role 5,2012-03-15 07:08:25,46,0,2012-03-15 03:48:28
Case11,Packing,res_a23e3285-9129-48d6-aaf1-5a280fb168a6,Role 5,2012-03-15 07:12:10,45,1,2012-03-15 06:40:07
Case2,Flat Grinding,res_89bcacc2-770a-459d-aa4b-5bf27b1dcf5f,Role 4,2012-03-15 07:33:40,45,0,2012-03-15 05:27:55
Case35,Turning & Milling Q.C.,res_11b41337-6683-49c6-9fbc-1790068cd61c,Role 3,2012-03-15 07:37:11,45,0,2012-03-15 03:13:08
Case17,Round Grinding,res_89bcacc2-770a-459d-aa4b-5bf27b1dcf5f,Role 2,2012-03-15 07:47:48,45,2,2012-03-15 06:01:46
Case31,Final Inspection Q.C.,res_89bcacc2-770a-459d-aa4b-5bf27b1dcf5f,Role 3,2012-03-15 07:51:43,46,2,2012-03-15 03:45:20
Case40,Round Grinding,res_89bcacc2-770a-459d-aa4b-5bf27b1dcf5f,Role 2,2012-03-15 07:53:47,46,1,2012-03-15 04:53:10
Case44,Milling Q.C.,res_89bcacc2-770a-459d-aa4b-5bf27b1dcf5f,Role 1,2012-03-15 07:59:45,45,1,2012-03-15 02:30:13
Case24,Lapping,res_6fd200ae-f1ac-4cb6-8a27-cb13e1ee22fe,Role 4,2012-03-15 08:29:57,44,0,2012-03-15 07:19:35
Case43,Change Version,res_6522742c-ee2f-4759-a60e-e76c582c48e3,Role 1,2012-03-15 08:39:16,45,1,2012-03-15 05:15:30
Case29,Final Inspection Q.C.,res_6522742c-ee2f-4759-a60e-e76c582c48e3,Role 3,2012-03-15 08:42:56,44,0,2012-03-15 02:24:45
Case45,Change Version,res_6522742c-ee2f-4759-a60e-e76c582c48e3,Role 1,2012-03-15 08:46:36,46,0,2012-03-15 03:31:23
Case8,Laser Marking,res_11b41337-6683-49c6-9fbc-1790068cd61c,Role 4,2012-03-15 08:48:36,44,0,2012-03-15 07:41:06
Case26,Turning & Milling,res_c398216d-6a9e-46b5-bfff-c451cd975bee,Role 1,2012-03-15 09:24:09,45,3,2012-03-15 07:01:01
Case28,Final Inspection Q.C.,res_11b41337-6683-49c6-9fbc-1790068cd61c,Role 3,2012-03-15 09:35:46,46,3,2012-03-15 04:49:10
Case20,Milling Q.C.,res_11b41337-6683-49c6-9fbc-1790068cd61c,Role 1,2012-03-15 09:36:34,44,0,2012-03-15 08:08:57
Case41,Turning & Milling,res_6522742c-ee2f-4759-a60e-e76c582c48e3,Role 1,2012-03-15 09:47:12,45,2,2012-03-15 06:39:45
Case34,Final Inspection Q.C.,res_6522742c-ee2f-4759-a60e-e76c582c48e3,Role 3,2012-03-15 10:02:11,45,3,2012-03-15 05:24:52
Case10,Packing,res_11b41337-6683-49c6-9fbc-1790068cd61c,Role 5,2012-03-15 10:28:20,44,1,2012-03-15 08:55:40
Case14,Final Inspection Q.C.,res_11b41337-6683-49c6-9fbc-1790068cd61c,Role 3,2012-03-15 10:34:26,44,3,2012-03-15 09:34:01
Case27,Round Grinding,res_dabc6b57-c25a-4a28-87fa-750d54e9a156,Role 2,2012-03-15 10:55:09,44,0,2012-03-15 08:36:20
Case39,Flat Grinding,res_dabc6b57-c25a-4a28-87fa-750d54e9a156,Role 4,2012-03-15 11:31:04,45,1,2012-03-15 06:46:12
Case1,Final Inspection Q.C.,res_11b41337-6683-49c6-9fbc-1790068cd61c,Role 3,2012-03-15 11:44:58,44,2,2012-03-15 10:16:35
Case45,Final Inspection Q.C.,res_11b41337-6683-49c6-9fbc-1790068cd61c,Role 3,2012-03-15 11:54:11,44,2,2012-03-15 08:46:38
Case44,Packing,res_11b41337-6683-49c6-9fbc-1790068cd61c,Role 5,2012-03-15 11:54:11,44,0,2012-03-15 07:59:47
Case25,Nitration Q.C.,res_11b41337-6683-49c6-9fbc-1790068cd61c,Role 3,2012-03-15 12:15:29,44,0,2012-03-15 07:36:00
Case22,Laser Marking,res_11b41337-6683-49c6-9fbc-1790068cd61c,Role 4,2012-03-15 12:33:37,43,0,2012-03-15 10:53:16
Case33,Lapping,res_11b41337-6683-49c6-9fbc-1790068cd61c,Role 4,2012-03-15 13:08:48,44,1,2012-03-15 07:52:12
Case30,Packing,res_11b41337-6683-49c6-9fbc-1790068cd61c,Role 5,2012-03-15 13:11:26,43,1,2012-03-15 10:40:29
Case43,Final Inspection Q.C.,res_11b41337-6683-49c6-9fbc-1790068cd61c,Role 3,2012-03-15 13:29:10,43,2,2012-03-15 11:40:45
Case37,Round Grinding,res_6522742c-ee2f-4759-a60e-e76c582c48e3,Role 2,2012-03-15 13:40:18,44,1,2012-03-15 09:38:29
Case43,Packing,res_11b41337-6683-49c6-9fbc-1790068cd61c,Role 5,2012-03-15 15:05:31,43,0,2012-03-15 13:29:12
Case44,Final Inspection Q.C.,res_11b41337-6683-49c6-9fbc-1790068cd61c,Role 3,2012-03-15 15:09:27,43,2,2012-03-15 12:35:15
Case42,Final Inspection Q.C.,res_94206346-c42a-4393-af26-944045d91ddc,Role 3,2012-03-15 15:15:36,43,1,2012-03-15 12:28:31
Case15,Lapping,res_94206346-c42a-4393-af26-944045d91ddc,Role 4,2012-03-15 15:25:54,43,0,2012-03-15 14:01:00
Case4,Final Inspection Q.C.,res_94206346-c42a-4393-af26-944045d91ddc,Role 3,2012-03-15 15:30:40,43,2,2012-03-15 15:02:45
Case21,Round Grinding,res_11b41337-6683-49c6-9fbc-1790068cd61c,Role 2,2012-03-15 16:02:12,43,0,2012-03-15 14:34:34
Case45,Grinding Rework,res_11b41337-6683-49c6-9fbc-1790068cd61c,Role 2,2012-03-15 16:11:27,43,0,2012-03-15 13:38:28
Case38,Turning & Milling Q.C.,res_7ad0fd0a-b68b-46f4-be67-20294803ab47,Role 3,2012-03-15 16:36:28,43,0,2012-03-15 13:56:45
Case45,Final Inspection Q.C.,res_11b41337-6683-49c6-9fbc-1790068cd61c,Role 3,2012-03-15 18:06:04,42,0,2012-03-15 16:11:29
Case41,Change Version,res_dabc6b57-c25a-4a28-87fa-750d54e9a156,Role 1,2012-03-15 18:16:47,42,0,2012-03-15 16:30:07
Case34,Round Grinding,res_dabc6b57-c25a-4a28-87fa-750d54e9a156,Role 2,2012-03-15 18:31:20,43,1,2012-03-15 15:11:40
Case2,Lapping,res_a623461a-c618-4b9e-850c-e084475c7d9a,Role 4,2012-03-15 19:04:21,42,0,2012-03-15 17:06:44
Case40,Laser Marking,res_94206346-c42a-4393-af26-944045d91ddc,Role 4,2012-03-15 19:45:12,42,0,2012-03-15 17:21:32
Case43,Final Inspection Q.C.,res_89bcacc2-770a-459d-aa4b-5bf27b1dcf5f,Role 3,2012-03-15 20:22:05,41,1,2012-03-15 19:04:26
Case44,Grinding Rework,res_dabc6b57-c25a-4a28-87fa-750d54e9a156,Role 2,2012-03-15 20:55:05,41,0,2012-03-15 19:01:46
Case37,Final Inspection Q.C.,res_dabc6b57-c25a-4a28-87fa-750d54e9a156,Role 3,2012-03-15 21:02:18,42,1,2012-03-15 17:31:06
Case36,Turning & Milling Q.C.,res_89bcacc2-770a-459d-aa4b-5bf27b1dcf5f,Role 3,2012-03-15 21:07:36,42,1,2012-03-15 15:49:14
Case42,Grinding Rework,res_dabc6b57-c25a-4a28-87fa-750d54e9a156,Role 2,2012-03-15 21:19:07,41,2,2012-03-15 19:39:35
Case39,Lapping,res_dabc6b57-c25a-4a28-87fa-750d54e9a156,Role 4,2012-03-15 21:36:25,41,1,2012-03-15 18:14:27
Case17,Lapping,res_a96f9a78-d9f4-4ece-a229-b553cc7af2db,Role 4,2012-03-15 21:37:47,41,1,2012-03-15 20:13:42
Case1,Round Grinding,res_c398216d-6a9e-46b5-bfff-c451cd975bee,Role 2,2012-03-15 22:09:15,41,1,2012-03-15 20:24:06
Case15,Laser Marking,res_09f2ea0d-3074-44f2-84bc-ce60b4d83045,Role 4,2012-03-15 22:26:04,41,2,2012-03-15 20:49:11
Case31,Packing,res_102f1f83-992a-441f-99ac-373f56671189,Role 5,2012-03-15 23:10:20,41,0,2012-03-15 20:02:57
Case28,Round Grinding,res_102f1f83-992a-441f-99ac-373f56671189,Role 2,2012-03-15 23:19:04,41,0,2012-03-15 19:03:07
Case8,Flat Grinding,res_09f2ea0d-3074-44f2-84bc-ce60b4d83045,Role 4,2012-03-15 23:36:54,41,0,2012-03-15 21:16:03
Case35,Laser Marking,res_09f2ea0d-3074-44f2-84bc-ce60b4d83045,Role 4,2012-03-15 23:38:36,41,1,2012-03-15 18:41:21
Case33,Laser Marking,res_dabc6b57-c25a-4a28-87fa-750d54e9a156,Role 4,2012-03-15 23:40:32,41,2,2012-03-15 18:54:17
Case7,Round  Q.C.,res_dabc6b57-c25a-4a28-87fa-750d54e9a156,Role 1,2012-03-16 00:04:56,41,0,2012-03-15 21:37:03
Case14,Round Grinding,res_448cdfd3-4fbc-43a7-b5c5-ba5a61973f06,Role 2,2012-03-16 00:24:57,41,1,2012-03-15 22:18:34
Case29,Grinding Rework,res_448cdfd3-4fbc-43a7-b5c5-ba5a61973f06,Role 2,2012-03-16 00:28:27,41,1,2012-03-15 19:13:42
Case20,Packing,res_c398216d-6a9e-46b5-bfff-c451cd975bee,Role 5,2012-03-16 00:48:58,41,1,2012-03-15 21:58:02
Case24,Final Inspection Q.C.,res_c398216d-6a9e-46b5-bfff-c451cd975bee,Role 3,2012-03-16 01:21:27,41,0,2012-03-15 22:21:48
Case21,Lapping,res_c398216d-6a9e-46b5-bfff-c451cd975bee,Role 4,2012-03-16 01:21:52,41,0,2012-03-15 23:39:58
Case26,Laser Marking,res_c398216d-6a9e-46b5-bfff-c451cd975bee,Role 4,2012-03-16 01:39:06,41,4,2012-03-15 21:52:29
Case22,Final Inspection Q.C.,res_c398216d-6a9e-46b5-bfff-c451cd975bee,Role 3,2012-03-16 01:41:20,41,1,2012-03-15 23:29:04
Case38,Turning & Milling,res_c398216d-6a9e-46b5-bfff-c451cd975bee,Role 1,2012-03-16 01:48:33,41,1,2012-03-15 22:49:54
Case42,Packing,res_a623461a-c618-4b9e-850c-e084475c7d9a,Role 5,2012-03-16 02:20:50,41,1,2012-03-16 00:39:40
Case27,Laser Marking,res_a623461a-c618-4b9e-850c-e084475c7d9a,Role 4,2012-03-16 02:21:37,41,2,2012-03-15 23:58:42
Case30,Fix,res_c398216d-6a9e-46b5-bfff-c451cd975bee,Role 1,2012-03-16 02:39:56,41,0,2012-03-16 00:23:14
Case25,Laser Marking,res_dabc6b57-c25a-4a28-87fa-750d54e9a156,Role 4,2012-03-16 03:09:26,41,3,2012-03-15 21:05:59
Case43,Grinding Rework,res_2cd4a23d-bbcf-46df-9ed3-f4f921f4f644,Role 2,2012-03-16 04:34:45,41,0,2012-03-16 02:10:53
Case41,Final Inspection Q.C.,res_dabc6b57-c25a-4a28-87fa-750d54e9a156,Role 3,2012-03-16 05:36:15,40,1,2012-03-16 04:12:21
Case34,Packing,res_dabc6b57-c25a-4a28-87fa-750d54e9a156,Role 5,2012-03-16 05:53:39,40,0,2012-03-16 02:30:58
Case2,Laser Marking,res_2cd4a23d-bbcf-46df-9ed3-f4f921f4f644,Role 4,2012-03-16 06:15:53,40,1,2012-03-16 04:00:16
Case15,Final Inspection Q.C.,res_2cd4a23d-bbcf-46df-9ed3-f4f921f4f644,Role 3,2012-03-16 06:17:04,40,0,2012-03-16 03:53:10
Case44,Packing,res_2cd4a23d-bbcf-46df-9ed3-f4f921f4f644,Role 5,2012-03-16 06:29:02,40,1,2012-03-16 03:38:25
Case17,Laser Marking,res_2cd4a23d-bbcf-46df-9ed3-f4f921f4f644,Role 4,2012-03-16 06:38:11,40,2,2012-03-16 05:31:50
Case37,Round Grinding,res_2cd4a23d-bbcf-46df-9ed3-f4f921f4f644,Role 2,2012-03-16 06:57:16,40,0,2012-03-16 02:43:24
Case39,Laser Marking,res_09f2ea0d-3074-44f2-84bc-ce60b4d83045,Role 4,2012-03-16 07:02:57,40,1,2012-03-16 02:51:53
Case40,Final Inspection Q.C.,res_94206346-c42a-4393-af26-944045d91ddc,Role 3,2012-03-16 07:50:16,40,1,2012-03-16 06:03:00
Case1,Turning & Milling Q.C.,res_bbf73c69-f27b-4df9-8efc-6884050c63c3,Role 3,2012-03-16 08:16:50,40,0,2012-03-16 06:57:36
Case36,Nitration Q.C.,res_7c8fdabb-be81-4c67-8e41-ad67d9e92ea6,Role 3,2012-03-16 08:47:17,40,0,2012-03-16 04:07:51
Case33,Round Grinding,res_6522742c-ee2f-4759-a60e-e76c582c48e3,Role 2,2012-03-16 09:57:47,40,0,2012-03-16 07:18:07
Case31,Round  Q.C.,res_6522742c-ee2f-4759-a60e-e76c582c48e3,Role 1,2012-03-16 10:04:38,39,0,2012-03-16 08:03:12
Case28,Packing,res_dabc6b57-c25a-4a28-87fa-750d54e9a156,Role 5,2012-03-16 11:46:54,39,0,2012-03-16 08:26:52
Case8,Laser Marking,res_dabc6b57-c25a-4a28-87fa-750d54e9a156,Role 4,2012-03-16 13:21:40,39,0,2012-03-16 10:27:54
Case35,Round Grinding,res_dabc6b57-c25a-4a28-87fa-750d54e9a156,Role 2,2012-03-16 14:05:01,39,1,2012-03-16 08:50:29
Case21,Round Grinding,res_102f1f83-992a-441f-99ac-373f56671189,Role 2,2012-03-16 16:46:09,39,0,2012-03-16 14:41:08
Case38,Turning,res_496cabdb-d595-4a8c-949d-228248ed85f2,Role 1,2012-03-16 18:35:56,39,0,2012-03-16 15:46:23
Case22,Round Grinding,res_c398216d-6a9e-46b5-bfff-c451cd975bee,Role 2,2012-03-16 19:17:26,39,0,2012-03-16 17:24:56
Case25,Lapping,res_89bcacc2-770a-459d-aa4b-5bf27b1dcf5f,Role 4,2012-03-16 20:29:28,39,0,2012-03-16 15:35:16
Case30,Packing,res_dabc6b57-c25a-4a28-87fa-750d54e9a156,Role 5,2012-03-16 20:46:39,39,0,2012-03-16 19:09:20
Case27,Final Inspection Q.C.,res_dabc6b57-c25a-4a28-87fa-750d54e9a156,Role 3,2012-03-16 21:41:03,39,1,2012-03-16 19:40:17
Case29,Final Inspection Q.C.,res_dabc6b57-c25a-4a28-87fa-750d54e9a156,Role 3,2012-03-16 21:41:18,39,0,2012-03-16 17:09:15
Case14,Lapping,res_09f2ea0d-3074-44f2-84bc-ce60b4d83045,Role 4,2012-03-16 21:46:55,39,1,2012-03-16 20:17:47
Case2,Lapping,res_09f2ea0d-3074-44f2-84bc-ce60b4d83045,Role 4,2012-03-16 21:49:21,39,2,2012-03-16 20:19:53
Case17,Lapping,res_09f2ea0d-3074-44f2-84bc-ce60b4d83045,Role 4,2012-03-16 21:52:47,39,2,2012-03-16 20:43:41
Case1,Round Grinding,res_09f2ea0d-3074-44f2-84bc-ce60b4d83045,Role 2,2012-03-16 22:05:03,39,0,2012-03-16 20:57:56
Case15,Packing,res_09f2ea0d-3074-44f2-84bc-ce60b4d83045,Role 5,2012-03-16 22:13:37,39,2,2012-03-16 20:42:25
Case36,Laser Marking,res_09f2ea0d-3074-44f2-84bc-ce60b4d83045,Role 4,2012-03-16 22:41:23,39,0,2012-03-16 19:58:20
Case24,Packing,res_09f2ea0d-3074-44f2-84bc-ce60b4d83045,Role 5,2012-03-16 22:50:08,39,2,2012-03-16 20:52:35
Case20,Round  Q.C.,res_09f2ea0d-3074-44f2-84bc-ce60b4d83045,Role 1,2012-03-16 22:53:56,39,0,2012-03-16 21:10:57
Case34,Fix,res_09f2ea0d-3074-44f2-84bc-ce60b4d83045,Role 1,2012-03-16 22:58:08,39,0,2012-03-16 20:36:22
Case37,Packing,res_09f2ea0d-3074-44f2-84bc-ce60b4d83045,Role 5,2012-03-16 23:11:19,39,1,2012-03-16 20:33:56
Case33,Lapping,res_c398216d-6a9e-46b5-bfff-c451cd975bee,Role 4,2012-03-16 23:25:34,39,3,2012-03-16 21:34:32
Case26,Final Inspection Q.C.,res_c398216d-6a9e-46b5-bfff-c451cd975bee,Role 3,2012-03-16 23:33:45,39,2,2012-03-16 20:55:44
Case31,Packing,res_c398216d-6a9e-46b5-bfff-c451cd975bee,Role 5,2012-03-17 00:07:51,38,0,2012-03-16 23:11:47
Case43,Packing,res_2cd4a23d-bbcf-46df-9ed3-f4f921f4f644,Role 5,2012-03-17 00:40:40,38,1,2012-03-16 23:17:30
Case39,Final Inspection Q.C.,res_2cd4a23d-bbcf-46df-9ed3-f4f921f4f644,Role 3,2012-03-17 01:06:35,38,1,2012-03-16 21:46:30
Case28,Final Inspection Q.C.,res_c398216d-6a9e-46b5-bfff-c451cd975bee,Role 3,2012-03-17 02:51:00,38,1,2012-03-17 00:13:56
Case41,Grinding Rework,res_c398216d-6a9e-46b5-bfff-c451cd975bee,Role 2,2012-03-17 02:53:27,37,0,2012-03-17 02:09:56
Case7,Packing,res_3fcbb3fd-b39a-4169-aa0e-a56a05c8471a,Role 5,2012-03-17 03:34:51,37,0,2012-03-17 02:18:41
Case44,Final Inspection Q.C.,res_2cd4a23d-bbcf-46df-9ed3-f4f921f4f644,Role 3,2012-03-17 04:27:07,37,1,2012-03-17 02:02:51
Case8,Round Grinding,res_2cd4a23d-bbcf-46df-9ed3-f4f921f4f644,Role 2,2012-03-17 05:52:51,37,0,2012-03-17 03:29:17
Case35,Final Inspection Q.C.,res_2cd4a23d-bbcf-46df-9ed3-f4f921f4f644,Role 3,2012-03-17 06:27:31,37,1,2012-03-17 03:39:08
Case21,Laser Marking,res_89bcacc2-770a-459d-aa4b-5bf27b1dcf5f,Role 4,2012-03-17 09:09:23,36,0,2012-03-17 06:33:40
Case31,Round  Q.C.,res_496cabdb-d595-4a8c-949d-228248ed85f2,Role 1,2012-03-17 11:18:52,36,0,2012-03-17 09:56:55
Case28,Round Grinding,res_09f2ea0d-3074-44f2-84bc-ce60b4d83045,Role 2,2012-03-17 13:53:45,36,1,2012-03-17 11:36:23
Case22,Packing,res_09f2ea0d-3074-44f2-84bc-ce60b4d83045,Role 5,2012-03-17 14:32:12,36,0,2012-03-17 12:28:06
Case25,Round Grinding,res_15ee7789-5eca-4759-a6f8-52783226bc10,Role 2,2012-03-17 14:55:36,36,0,2012-03-17 11:10:11
Case39,Round Grinding,res_15ee7789-5eca-4759-a6f8-52783226bc10,Role 2,2012-03-17 14:56:28,36,2,2012-03-17 11:40:40
Case38,Turning Q.C.,res_15ee7789-5eca-4759-a6f8-52783226bc10,Role 1,2012-03-17 14:58:33,36,0,2012-03-17 12:14:11
Case33,Final Inspection Q.C.,res_94206346-c42a-4393-af26-944045d91ddc,Role 3,2012-03-17 15:39:23,36,0,2012-03-17 13:20:11
Case1,Final Inspection Q.C.,res_c398216d-6a9e-46b5-bfff-c451cd975bee,Role 3,2012-03-17 16:01:01,36,1,2012-03-17 14:01:13
Case17,Round Grinding,res_c398216d-6a9e-46b5-bfff-c451cd975bee,Role 2,2012-03-17 16:01:55,35,2,2012-03-17 14:44:41
Case36,Lapping,res_c398216d-6a9e-46b5-bfff-c451cd975bee,Role 4,2012-03-17 16:05:13,36,0,2012-03-17 13:58:21
Case2,Final Inspection Q.C.,res_c398216d-6a9e-46b5-bfff-c451cd975bee,Role 3,2012-03-17 16:07:17,36,2,2012-03-17 14:23:48
Case8,Turning & Milling Q.C.,res_7ad0fd0a-b68b-46f4-be67-20294803ab47,Role 3,2012-03-17 16:56:55,35,0,2012-03-17 15:44:28
Case37,Final Inspection Q.C.,res_7ad0fd0a-b68b-46f4-be67-20294803ab47,Role 3,2012-03-17 16:57:28,35,3,2012-03-17 15:08:28
Case30,Fix,res_7ad0fd0a-b68b-46f4-be67-20294803ab47,Role 1,2012-03-17 17:13:15,35,0,2012-03-17 16:16:35
Case34,Packing,res_2cd4a23d-bbcf-46df-9ed3-f4f921f4f644,Role 5,2012-03-17 17:17:53,35,0,2012-03-17 15:53:58
Case35,Round Grinding,res_2cd4a23d-bbcf-46df-9ed3-f4f921f4f644,Role 2,2012-03-17 17:21:04,35,1,2012-03-17 15:35:54
Case15,Final Inspection Q.C.,res_2cd4a23d-bbcf-46df-9ed3-f4f921f4f644,Role 3,2012-03-17 17:43:43,35,1,2012-03-17 16:14:29
Case41,Final Inspection Q.C.,res_89bcacc2-770a-459d-aa4b-5bf27b1dcf5f,Role 3,2012-03-17 18:19:57,35,1,2012-03-17 17:14:34
Case7,Fix,res_3fcbb3fd-b39a-4169-aa0e-a56a05c8471a,Role 1,2012-03-17 18:52:13,35,0,2012-03-17 17:57:00
Case27,Packing,res_7ad0fd0a-b68b-46f4-be67-20294803ab47,Role 5,2012-03-17 19:03:36,35,1,2012-03-17 17:14:09
Case21,Flat Grinding,res_7c8fdabb-be81-4c67-8e41-ad67d9e92ea6,Role 4,2012-03-17 20:36:28,35,0,2012-03-17 17:58:07
Case24,Round  Q.C.,res_11b41337-6683-49c6-9fbc-1790068cd61c,Role 1,2012-03-17 21:23:34,35,0,2012-03-17 18:58:35
Case26,Round Grinding,res_11b41337-6683-49c6-9fbc-1790068cd61c,Role 2,2012-03-17 21:34:43,35,0,2012-03-17 18:29:47
Case31,Packing,res_89bcacc2-770a-459d-aa4b-5bf27b1dcf5f,Role 5,2012-03-17 22:08:20,35,0,2012-03-17 19:58:22
Case20,Packing,res_89bcacc2-770a-459d-aa4b-5bf27b1dcf5f,Role 5,2012-03-17 22:40:53,35,1,2012-03-17 20:21:25
Case14,Final Inspection Q.C.,res_89bcacc2-770a-459d-aa4b-5bf27b1dcf5f,Role 3,2012-03-17 23:02:20,35,0,2012-03-17 20:51:01
Case28,Lapping,res_89bcacc2-770a-459d-aa4b-5bf27b1dcf5f,Role 4,2012-03-18 00:33:46,35,0,2012-03-17 21:45:04
Case33,Grinding Rework,res_6fd200ae-f1ac-4cb6-8a27-cb13e1ee22fe,Role 2,2012-03-18 04:25:38,35,0,2012-03-18 01:16:05
Case8,Nitration Q.C.,res_7ad0fd0a-b68b-46f4-be67-20294803ab47,Role 3,2012-03-18 04:57:11,35,0,2012-03-18 02:38:56
Case39,Laser Marking,res_7ad0fd0a-b68b-46f4-be67-20294803ab47,Role 4,2012-03-18 05:58:55,35,0,2012-03-18 01:45:25
Case25,Packing,res_7ad0fd0a-b68b-46f4-be67-20294803ab47,Role 5,2012-03-18 06:00:20,35,0,2012-03-18 01:34:48
Case35,Final Inspection Q.C.,res_7ad0fd0a-b68b-46f4-be67-20294803ab47,Role 3,2012-03-18 06:01:05,35,0,2012-03-18 02:33:56
Case37,Packing,res_a23e3285-9129-48d6-aaf1-5a280fb168a6,Role 5,2012-03-18 06:19:35,35,1,2012-03-18 04:04:25
Case2,Packing,res_c398216d-6a9e-46b5-bfff-c451cd975bee,Role 5,2012-03-18 06:21:45,35,2,2012-03-18 04:05:52
Case1,Grinding Rework,res_c398216d-6a9e-46b5-bfff-c451cd975bee,Role 2,2012-03-18 06:23:56,35,1,2012-03-18 04:07:59
Case36,Round Grinding,res_c398216d-6a9e-46b5-bfff-c451cd975bee,Role 2,2012-03-18 06:25:14,35,0,2012-03-18 03:42:13
Case17,Final Inspection Q.C.,res_7c8fdabb-be81-4c67-8e41-ad67d9e92ea6,Role 3,2012-03-18 06:42:11,35,1,2012-03-18 04:48:53
Case34,Round  Q.C.,res_7c8fdabb-be81-4c67-8e41-ad67d9e92ea6,Role 1,2012-03-18 06:52:36,35,0,2012-03-18 04:57:06
Case38,Turning & Milling,res_448cdfd3-4fbc-43a7-b5c5-ba5a61973f06,Role 1,2012-03-18 07:06:57,35,1,2012-03-18 04:15:15
Case21,Laser Marking,res_3fcbb3fd-b39a-4169-aa0e-a56a05c8471a,Role 4,2012-03-18 07:51:48,35,1,2012-03-18 04:44:43
Case7,Packing,res_3fcbb3fd-b39a-4169-aa0e-a56a05c8471a,Role 5,2012-03-18 08:04:19,35,2,2012-03-18 06:07:32
Case30,Packing,res_3fcbb3fd-b39a-4169-aa0e-a56a05c8471a,Role 5,2012-03-18 08:19:15,35,2,2012-03-18 06:27:25
Case15,Packing,res_3fcbb3fd-b39a-4169-aa0e-a56a05c8471a,Role 5,2012-03-18 08:51:08,35,2,2012-03-18 06:21:42
Case41,Grinding Rework,res_3fcbb3fd-b39a-4169-aa0e-a56a05c8471a,Role 2,2012-03-18 09:34:42,35,0,2012-03-18 07:20:40
Case27,Round  Q.C.,res_3fcbb3fd-b39a-4169-aa0e-a56a05c8471a,Role 1,2012-03-18 09:46:37,35,1,2012-03-18 07:04:13
Case31,Round  Q.C.,res_3fcbb3fd-b39a-4169-aa0e-a56a05c8471a,Role 1,2012-03-18 09:52:13,35,1,2012-03-18 06:19:05
Case28,Final Inspection Q.C.,res_3fcbb3fd-b39a-4169-aa0e-a56a05c8471a,Role 3,2012-03-18 10:38:05,35,1,2012-03-18 06:25:54
Case24,Packing,res_c398216d-6a9e-46b5-bfff-c451cd975bee,Role 5,2012-03-18 13:32:07,35,0,2012-03-18 11:00:33
Case26,Turning & Milling Q.C.,res_c398216d-6a9e-46b5-bfff-c451cd975bee,Role 3,2012-03-18 14:27:24,35,0,2012-03-18 10:59:51
Case20,Round  Q.C.,res_dabc6b57-c25a-4a28-87fa-750d54e9a156,Role 1,2012-03-18 15:11:23,35,0,2012-03-18 12:32:53
Case14,Packing,res_11b41337-6683-49c6-9fbc-1790068cd61c,Role 5,2012-03-18 16:15:10,35,1,2012-03-18 13:53:53
Case33,Packing,res_11b41337-6683-49c6-9fbc-1790068cd61c,Role 5,2012-03-18 16:32:38,35,1,2012-03-18 13:26:16
Case8,Laser Marking,res_11b41337-6683-49c6-9fbc-1790068cd61c,Role 4,2012-03-18 18:12:09,35,0,2012-03-18 14:42:45
Case34,Packing,res_b3746141-dd86-44d1-afef-3d3542fd70c5,Role 5,2012-03-18 18:40:33,34,1,2012-03-18 17:14:17
Case7,Final Inspection Q.C.,res_b3746141-dd86-44d1-afef-3d3542fd70c5,Role 3,2012-03-18 18:44:03,34,1,2012-03-18 17:08:19
Case35,Grinding Rework,res_86102e31-9221-41dc-a7b4-ff583596dac8,Role 2,2012-03-18 19:00:28,35,0,2012-03-18 14:36:57
Case36,Turning & Milling Q.C.,res_86102e31-9221-41dc-a7b4-ff583596dac8,Role 3,2012-03-18 19:09:28,34,0,2012-03-18 16:35:14
Case31,Packing,res_c398216d-6a9e-46b5-bfff-c451cd975bee,Role 5,2012-03-18 19:15:08,34,0,2012-03-18 16:42:32
Case37,Final Inspection Q.C.,res_c398216d-6a9e-46b5-bfff-c451cd975bee,Role 3,2012-03-18 19:25:09,35,0,2012-03-18 16:12:05
Case2,Round  Q.C.,res_c398216d-6a9e-46b5-bfff-c451cd975bee,Role 1,2012-03-18 19:29:34,34,1,2012-03-18 17:42:33
Case17,Grinding Rework,res_09f2ea0d-3074-44f2-84bc-ce60b4d83045,Role 2,2012-03-18 19:42:29,34,1,2012-03-18 18:14:54
Case1,Final Inspection Q.C.,res_09f2ea0d-3074-44f2-84bc-ce60b4d83045,Role 3,2012-03-18 19:44:48,34,2,2012-03-18 18:03:10
Case30,Round  Q.C.,res_09f2ea0d-3074-44f2-84bc-ce60b4d83045,Role 1,2012-03-18 19:48:19,34,2,2012-03-18 18:24:07
Case21,Round Grinding,res_09f2ea0d-3074-44f2-84bc-ce60b4d83045,Role 2,2012-03-18 19:49:10,35,1,2012-03-18 15:39:23
Case38,Milling,res_09f2ea0d-3074-44f2-84bc-ce60b4d83045,Role 1,2012-03-18 20:14:08,34,0,2012-03-18 18:22:51
Case15,Round  Q.C.,res_09f2ea0d-3074-44f2-84bc-ce60b4d83045,Role 1,2012-03-18 20:26:25,34,3,2012-03-18 18:46:29
Case39,Round Grinding,res_09f2ea0d-3074-44f2-84bc-ce60b4d83045,Role 2,2012-03-18 20:48:30,35,2,2012-03-18 15:48:37
Case27,Packing,res_09f2ea0d-3074-44f2-84bc-ce60b4d83045,Role 5,2012-03-18 21:23:00,34,1,2012-03-18 19:14:02
Case28,Round Grinding,res_09f2ea0d-3074-44f2-84bc-ce60b4d83045,Role 2,2012-03-18 21:23:33,35,0,2012-03-18 15:27:12
Case25,Round  Q.C.,res_09f2ea0d-3074-44f2-84bc-ce60b4d83045,Role 1,2012-03-18 21:42:26,35,0,2012-03-18 15:19:00
Case41,Final Inspection Q.C.,res_09f2ea0d-3074-44f2-84bc-ce60b4d83045,Role 3,2012-03-18 21:48:38,34,1,2012-03-18 19:36:49
Case24,Final Inspection Q.C.,res_c398216d-6a9e-46b5-bfff-c451cd975bee,Role 3,2012-03-19 02:58:13,34,0,2012-03-19 00:01:07
Case20,Packing,res_6522742c-ee2f-4759-a60e-e76c582c48e3,Role 5,2012-03-19 04:03:31,34,0,2012-03-19 02:35:32
Case26,Stress Relief,res_c398216d-6a9e-46b5-bfff-c451cd975bee,Role 1,2012-03-19 04:24:26,34,0,2012-03-19 01:14:34
Case7,Grinding Rework,res_c398216d-6a9e-46b5-bfff-c451cd975bee,Role 2,2012-03-19 04:26:21,34,0,2012-03-19 03:44:08
Case34,Fix,res_6fd200ae-f1ac-4cb6-8a27-cb13e1ee22fe,Role 1,2012-03-19 04:44:21,34,0,2012-03-19 03:19:55
Case14,Round  Q.C.,res_6fd200ae-f1ac-4cb6-8a27-cb13e1ee22fe,Role 1,2012-03-19 04:46:52,34,0,2012-03-19 03:30:37
Case31,Final Inspection Q.C.,res_6fd200ae-f1ac-4cb6-8a27-cb13e1ee22fe,Role 3,2012-03-19 04:49:55,34,1,2012-03-19 01:59:34
Case21,Packing,res_7c8fdabb-be81-4c67-8e41-ad67d9e92ea6,Role 5,2012-03-19 05:07:12,34,1,2012-03-19 02:38:37
Case30,Packing,res_7c8fdabb-be81-4c67-8e41-ad67d9e92ea6,Role 5,2012-03-19 05:27:04,34,1,2012-03-19 04:07:14
Case28,Final Inspection Q.C.,res_2cd4a23d-bbcf-46df-9ed3-f4f921f4f644,Role 3,2012-03-19 05:46:06,34,2,2012-03-19 02:03:22
Case36,Turn & Mill. & Screw Assem,res_2cd4a23d-bbcf-46df-9ed3-f4f921f4f644,Role 1,2012-03-19 05:46:30,34,0,2012-03-19 03:28:51
Case37,Round Grinding,res_2cd4a23d-bbcf-46df-9ed3-f4f921f4f644,Role 2,2012-03-19 05:52:40,34,0,2012-03-19 03:32:39
Case8,Lapping,res_2cd4a23d-bbcf-46df-9ed3-f4f921f4f644,Role 4,2012-03-19 06:17:33,34,0,2012-03-19 04:04:20
Case27,Fix,res_2cd4a23d-bbcf-46df-9ed3-f4f921f4f644,Role 1,2012-03-19 06:20:28,34,1,2012-03-19 04:39:08
Case35,Final Inspection Q.C.,res_2cd4a23d-bbcf-46df-9ed3-f4f921f4f644,Role 3,2012-03-19 06:43:22,34,2,2012-03-19 03:07:04
Case1,Grinding Rework,res_2cd4a23d-bbcf-46df-9ed3-f4f921f4f644,Role 2,2012-03-19 06:53:07,34,0,2012-03-19 04:51:32
Case2,Packing,res_2cd4a23d-bbcf-46df-9ed3-f4f921f4f644,Role 5,2012-03-19 07:09:55,34,3,2012-03-19 04:54:29
Case17,Packing,res_2cd4a23d-bbcf-46df-9ed3-f4f921f4f644,Role 5,2012-03-19 07:19:59,33,3,2012-03-19 05:35:58
Case15,Packing,res_2cd4a23d-bbcf-46df-9ed3-f4f921f4f644,Role 5,2012-03-19 07:25:27,33,3,2012-03-19 05:23:13
Case38,Final Inspection Q.C.,res_2cd4a23d-bbcf-46df-9ed3-f4f921f4f644,Role 3,2012-03-19 07:44:41,33,2,2012-03-19 05:44:35
Case41,Grinding Rework,res_2cd4a23d-bbcf-46df-9ed3-f4f921f4f644,Role 2,2012-03-19 07:45:04,33,1,2012-03-19 05:35:19
Case25,Packing,res_2cd4a23d-bbcf-46df-9ed3-f4f921f4f644,Role 5,2012-03-19 09:10:22,34,2,2012-03-19 04:08:30
Case39,Laser Marking,res_2cd4a23d-bbcf-46df-9ed3-f4f921f4f644,Role 4,2012-03-19 09:13:48,34,0,2012-03-19 04:52:36
Case7,Final Inspection Q.C.,res_86102e31-9221-41dc-a7b4-ff583596dac8,Role 3,2012-03-19 15:47:02,32,1,2012-03-19 15:22:52
Case34,Packing,res_86102e31-9221-41dc-a7b4-ff583596dac8,Role 5,2012-03-19 15:53:23,32,1,2012-03-19 14:06:41
Case30,Final Inspection Q.C.,res_2cd4a23d-bbcf-46df-9ed3-f4f921f4f644,Role 3,2012-03-19 16:08:25,32,0,2012-03-19 14:02:11
Case20,Fix,res_2cd4a23d-bbcf-46df-9ed3-f4f921f4f644,Role 1,2012-03-19 16:11:34,32,0,2012-03-19 14:39:05
Case31,Packing,res_a96f9a78-d9f4-4ece-a229-b553cc7af2db,Role 5,2012-03-19 16:25:57,32,0,2012-03-19 12:56:26
Case28,Round Grinding,res_a96f9a78-d9f4-4ece-a229-b553cc7af2db,Role 2,2012-03-19 16:29:54,32,0,2012-03-19 12:22:00
Case27,Packing,res_7c8fdabb-be81-4c67-8e41-ad67d9e92ea6,Role 5,2012-03-19 16:38:29,32,2,2012-03-19 14:50:51
Case24,Grinding Rework,res_11b41337-6683-49c6-9fbc-1790068cd61c,Role 2,2012-03-19 16:49:22,32,0,2012-03-19 13:14:10
Case37,Lapping,res_11b41337-6683-49c6-9fbc-1790068cd61c,Role 4,2012-03-19 17:08:25,32,0,2012-03-19 14:16:40
Case36,Turning & Milling Q.C.,res_11b41337-6683-49c6-9fbc-1790068cd61c,Role 3,2012-03-19 17:16:04,32,0,2012-03-19 14:23:14
Case26,Turning & Milling,res_a96f9a78-d9f4-4ece-a229-b553cc7af2db,Role 1,2012-03-19 17:46:47,32,1,2012-03-19 15:29:28
Case1,Final Inspection Q.C.,res_a96f9a78-d9f4-4ece-a229-b553cc7af2db,Role 3,2012-03-19 18:02:28,31,1,2012-03-19 16:06:31
Case41,Packing,res_a96f9a78-d9f4-4ece-a229-b553cc7af2db,Role 5,2012-03-19 18:19:11,30,1,2012-03-19 16:35:58
Case15,Round  Q.C.,res_a96f9a78-d9f4-4ece-a229-b553cc7af2db,Role 1,2012-03-19 18:19:57,30,0,2012-03-19 16:19:37
Case14,Packing,res_a96f9a78-d9f4-4ece-a229-b553cc7af2db,Role 5,2012-03-19 18:25:04,30,1,2012-03-19 17:32:30
Case35,Grinding Rework,res_a96f9a78-d9f4-4ece-a229-b553cc7af2db,Role 2,2012-03-19 18:28:34,32,1,2012-03-19 15:05:33
Case38,Grinding Rework,res_a96f9a78-d9f4-4ece-a229-b553cc7af2db,Role 2,2012-03-19 18:32:14,30,2,2012-03-19 16:46:35
Case2,Round  Q.C.,res_a96f9a78-d9f4-4ece-a229-b553cc7af2db,Role 1,2012-03-19 18:41:18,30,1,2012-03-19 16:25:46
Case8,Turning Rework,res_a96f9a78-d9f4-4ece-a229-b553cc7af2db,Role 1,2012-03-19 18:53:37,30,0,2012-03-19 17:16:20
Case17,Round  Q.C.,res_a96f9a78-d9f4-4ece-a229-b553cc7af2db,Role 1,2012-03-19 19:11:53,30,2,2012-03-19 17:32:43
Case39,Final Inspection Q.C.,res_a96f9a78-d9f4-4ece-a229-b553cc7af2db,Role 3,2012-03-19 19:53:43,30,1,2012-03-19 16:47:32
Case27,Round  Q.C.,res_09f2ea0d-3074-44f2-84bc-ce60b4d83045,Role 1,2012-03-20 01:35:03,28,0,2012-03-19 23:59:20
Case28,Final Inspection Q.C.,res_7c8fdabb-be81-4c67-8e41-ad67d9e92ea6,Role 3,2012-03-20 02:54:19,28,0,2012-03-19 23:04:34
Case34,Fix,res_7c8fdabb-be81-4c67-8e41-ad67d9e92ea6,Role 1,2012-03-20 02:59:55,28,0,2012-03-20 01:06:05
Case36,Turn & Mill. & Screw Assem,res_7c8fdabb-be81-4c67-8e41-ad67d9e92ea6,Role 1,2012-03-20 03:07:51,28,0,2012-03-20 00:15:20
Case37,Turning Rework,res_94206346-c42a-4393-af26-944045d91ddc,Role 1,2012-03-20 03:26:09,28,0,2012-03-20 00:44:48
Case2,Packing,res_89bcacc2-770a-459d-aa4b-5bf27b1dcf5f,Role 5,2012-03-20 04:06:39,28,1,2012-03-20 02:13:08
Case20,Packing,res_89bcacc2-770a-459d-aa4b-5bf27b1dcf5f,Role 5,2012-03-20 04:07:57,28,2,2012-03-20 02:30:53
Case31,Round  Q.C.,res_89bcacc2-770a-459d-aa4b-5bf27b1dcf5f,Role 1,2012-03-20 04:08:58,28,1,2012-03-20 00:18:30
Case35,Final Inspection Q.C.,res_89bcacc2-770a-459d-aa4b-5bf27b1dcf5f,Role 3,2012-03-20 04:26:42,28,1,2012-03-20 01:13:44
Case38,Packing,res_89bcacc2-770a-459d-aa4b-5bf27b1dcf5f,Role 5,2012-03-20 04:43:24,28,3,2012-03-20 02:51:00
Case24,Packing,res_89bcacc2-770a-459d-aa4b-5bf27b1dcf5f,Role 5,2012-03-20 04:53:39,28,0,2012-03-20 02:06:22
Case17,Packing,res_89bcacc2-770a-459d-aa4b-5bf27b1dcf5f,Role 5,2012-03-20 05:28:06,27,5,2012-03-20 03:33:08
Case15,Packing,res_89bcacc2-770a-459d-aa4b-5bf27b1dcf5f,Role 5,2012-03-20 05:29:35,27,4,2012-03-20 03:15:03
Case41,Round  Q.C.,res_89bcacc2-770a-459d-aa4b-5bf27b1dcf5f,Role 1,2012-03-20 05:32:58,27,1,2012-03-20 03:43:11
Case8,Lapping,res_89bcacc2-770a-459d-aa4b-5bf27b1dcf5f,Role 4,2012-03-20 05:45:18,27,0,2012-03-20 03:47:38
Case26,Turning & Milling Q.C.,res_89bcacc2-770a-459d-aa4b-5bf27b1dcf5f,Role 3,2012-03-20 06:19:20,27,0,2012-03-20 03:42:52
Case39,Grinding Rework,res_89bcacc2-770a-459d-aa4b-5bf27b1dcf5f,Role 2,2012-03-20 06:51:38,27,0,2012-03-20 03:22:56
Case27,Packing,res_7c8fdabb-be81-4c67-8e41-ad67d9e92ea6,Role 5,2012-03-20 10:33:22,25,0,2012-03-20 08:28:42
Case36,Turning & Milling Q.C.,res_09f2ea0d-3074-44f2-84bc-ce60b4d83045,Role 3,2012-03-20 13:32:40,25,0,2012-03-20 10:37:23
Case37,Lapping,res_09f2ea0d-3074-44f2-84bc-ce60b4d83045,Role 4,2012-03-20 13:42:21,25,0,2012-03-20 11:16:10
Case2,Final Inspection Q.C.,res_09f2ea0d-3074-44f2-84bc-ce60b4d83045,Role 3,2012-03-20 13:46:01,25,0,2012-03-20 11:56:51
Case34,Packing,res_09f2ea0d-3074-44f2-84bc-ce60b4d83045,Role 5,2012-03-20 14:01:22,25,0,2012-03-20 12:31:56
Case35,Grinding Rework,res_102f1f83-992a-441f-99ac-373f56671189,Role 2,2012-03-20 14:49:47,25,0,2012-03-20 12:26:39
Case15,Final Inspection Q.C.,res_c398216d-6a9e-46b5-bfff-c451cd975bee,Role 3,2012-03-20 14:58:55,25,2,2012-03-20 13:29:53
Case26,Stress Relief,res_7c8fdabb-be81-4c67-8e41-ad67d9e92ea6,Role 1,2012-03-20 15:30:48,25,0,2012-03-20 13:26:34
Case24,Final Inspection Q.C.,res_7c8fdabb-be81-4c67-8e41-ad67d9e92ea6,Role 3,2012-03-20 15:52:28,25,1,2012-03-20 13:27:51
Case31,Packing,res_7c8fdabb-be81-4c67-8e41-ad67d9e92ea6,Role 5,2012-03-20 15:53:10,25,1,2012-03-20 12:43:25
Case8,Laser Marking,res_7c8fdabb-be81-4c67-8e41-ad67d9e92ea6,Role 4,2012-03-20 15:55:06,25,0,2012-03-20 14:22:26
Case38,Round  Q.C.,res_7c8fdabb-be81-4c67-8e41-ad67d9e92ea6,Role 1,2012-03-20 16:03:11,25,0,2012-03-20 14:32:13
Case41,Packing,res_7c8fdabb-be81-4c67-8e41-ad67d9e92ea6,Role 5,2012-03-20 17:05:48,25,2,2012-03-20 15:05:32
Case39,Packing,res_7ad0fd0a-b68b-46f4-be67-20294803ab47,Role 5,2012-03-20 17:15:55,25,1,2012-03-20 14:58:48
Case27,Fix,res_7ad0fd0a-b68b-46f4-be67-20294803ab47,Role 1,2012-03-20 19:31:51,23,0,2012-03-20 17:12:50
Case2,Round Grinding,res_11b41337-6683-49c6-9fbc-1790068cd61c,Role 2,2012-03-21 00:01:51,23,0,2012-03-20 22:02:28
Case37,Turning Rework,res_11b41337-6683-49c6-9fbc-1790068cd61c,Role 1,2012-03-21 00:20:13,23,0,2012-03-20 21:53:53
Case36,Turn & Mill. & Screw Assem,res_94206346-c42a-4393-af26-944045d91ddc,Role 1,2012-03-21 00:28:35,23,0,2012-03-20 21:38:30
Case34,Final Inspection Q.C.,res_448cdfd3-4fbc-43a7-b5c5-ba5a61973f06,Role 3,2012-03-21 00:45:43,23,1,2012-03-20 23:19:40
Case26,Turning & Milling,res_448cdfd3-4fbc-43a7-b5c5-ba5a61973f06,Role 1,2012-03-21 00:50:07,23,1,2012-03-20 23:09:30
Case35,Final Inspection Q.C.,res_448cdfd3-4fbc-43a7-b5c5-ba5a61973f06,Role 3,2012-03-21 01:12:46,23,0,2012-03-20 22:44:18
Case15,Grinding Rework,res_dabc6b57-c25a-4a28-87fa-750d54e9a156,Role 2,2012-03-21 01:36:02,23,0,2012-03-21 00:27:44
Case31,Fix,res_7c8fdabb-be81-4c67-8e41-ad67d9e92ea6,Role 1,2012-03-21 02:53:48,23,0,2012-03-21 00:29:39
Case8,Flat Grinding,res_7c8fdabb-be81-4c67-8e41-ad67d9e92ea6,Role 4,2012-03-21 03:27:44,23,0,2012-03-21 01:25:57
Case39,Round  Q.C.,res_7c8fdabb-be81-4c67-8e41-ad67d9e92ea6,Role 1,2012-03-21 03:50:15,23,0,2012-03-21 01:19:51
Case38,Packing,res_7c8fdabb-be81-4c67-8e41-ad67d9e92ea6,Role 5,2012-03-21 04:21:30,23,0,2012-03-21 02:42:32
Case27,Packing,res_7c8fdabb-be81-4c67-8e41-ad67d9e92ea6,Role 5,2012-03-21 05:19:13,23,1,2012-03-21 02:44:48
Case26,Turning & Milling Q.C.,res_496cabdb-d595-4a8c-949d-228248ed85f2,Role 3,2012-03-21 09:49:12,22,0,2012-03-21 07:53:56
Case2,Lapping,res_496cabdb-d595-4a8c-949d-228248ed85f2,Role 4,2012-03-21 10:01:42,22,1,2012-03-21 07:44:03
Case37,Lapping,res_7c8fdabb-be81-4c67-8e41-ad67d9e92ea6,Role 4,2012-03-21 10:17:57,22,0,2012-03-21 07:31:58
Case35,Round Grinding,res_7c8fdabb-be81-4c67-8e41-ad67d9e92ea6,Role 2,2012-03-21 10:31:30,22,0,2012-03-21 08:37:58
Case36,Turning & Milling Q.C.,res_7c8fdabb-be81-4c67-8e41-ad67d9e92ea6,Role 3,2012-03-21 10:38:47,22,1,2012-03-21 08:01:44
Case34,Grinding Rework,res_7c8fdabb-be81-4c67-8e41-ad67d9e92ea6,Role 2,2012-03-21 10:59:47,22,0,2012-03-21 09:40:27
Case15,Packing,res_7c8fdabb-be81-4c67-8e41-ad67d9e92ea6,Role 5,2012-03-21 11:18:32,22,0,2012-03-21 10:13:09
Case8,Lapping,res_7c8fdabb-be81-4c67-8e41-ad67d9e92ea6,Role 4,2012-03-21 14:36:07,21,0,2012-03-21 12:48:59
Case39,Packing,res_7c8fdabb-be81-4c67-8e41-ad67d9e92ea6,Role 5,2012-03-21 14:58:18,21,1,2012-03-21 13:00:24
Case27,Final Inspection Q.C.,res_7c8fdabb-be81-4c67-8e41-ad67d9e92ea6,Role 3,2012-03-21 15:12:33,21,0,2012-03-21 12:44:56
Case31,Packing,res_7c8fdabb-be81-4c67-8e41-ad67d9e92ea6,Role 5,2012-03-21 15:22:13,21,0,2012-03-21 12:38:17
Case26,Nitration Q.C.,res_a96f9a78-d9f4-4ece-a229-b553cc7af2db,Role 3,2012-03-21 19:24:11,21,0,2012-03-21 17:45:11
Case2,Laser Marking,res_a96f9a78-d9f4-4ece-a229-b553cc7af2db,Role 4,2012-03-21 20:29:09,21,0,2012-03-21 18:39:03
Case35,Laser Marking,res_a96f9a78-d9f4-4ece-a229-b553cc7af2db,Role 4,2012-03-21 20:36:21,21,1,2012-03-21 18:45:09
Case37,Laser Marking,res_a96f9a78-d9f4-4ece-a229-b553cc7af2db,Role 4,2012-03-21 21:06:53,21,2,2012-03-21 18:45:23
Case36,Stress Relief,res_c398216d-6a9e-46b5-bfff-c451cd975bee,Role 1,2012-03-21 21:51:10,21,0,2012-03-21 19:16:05
Case34,Packing,res_c398216d-6a9e-46b5-bfff-c451cd975bee,Role 5,2012-03-21 23:06:18,21,0,2012-03-21 21:36:58
Case27,Round Grinding,res_6fd200ae-f1ac-4cb6-8a27-cb13e1ee22fe,Role 2,2012-03-22 02:08:17,21,0,2012-03-21 23:59:22
Case8,Round Grinding,res_6fd200ae-f1ac-4cb6-8a27-cb13e1ee22fe,Role 2,2012-03-22 03:10:58,21,1,2012-03-22 00:00:18
Case39,Final Inspection Q.C.,res_6fd200ae-f1ac-4cb6-8a27-cb13e1ee22fe,Role 3,2012-03-22 03:22:05,21,0,2012-03-22 00:25:52
Case31,Round  Q.C.,res_dabc6b57-c25a-4a28-87fa-750d54e9a156,Role 1,2012-03-22 04:29:06,21,0,2012-03-22 01:03:08
Case26,Laser Marking,res_89bcacc2-770a-459d-aa4b-5bf27b1dcf5f,Role 4,2012-03-22 06:26:29,21,0,2012-03-22 03:46:30
Case35,Final Inspection Q.C.,res_af185ea0-d40a-4ab5-8d9d-8f3b9034c052,Role 3,2012-03-22 07:49:14,21,0,2012-03-22 05:00:15
Case2,Flat Grinding,res_af185ea0-d40a-4ab5-8d9d-8f3b9034c052,Role 4,2012-03-22 08:12:51,21,0,2012-03-22 06:22:55
Case37,Final Inspection Q.C.,res_af185ea0-d40a-4ab5-8d9d-8f3b9034c052,Role 3,2012-03-22 08:30:17,21,1,2012-03-22 05:58:11
Case36,Turning & Milling,res_7ad0fd0a-b68b-46f4-be67-20294803ab47,Role 1,2012-03-22 09:52:42,21,1,2012-03-22 07:22:42
Case34,Round  Q.C.,res_89bcacc2-770a-459d-aa4b-5bf27b1dcf5f,Role 1,2012-03-22 11:43:04,20,0,2012-03-22 09:38:48
Case27,Laser Marking,res_c398216d-6a9e-46b5-bfff-c451cd975bee,Role 4,2012-03-22 14:04:23,20,0,2012-03-22 10:54:15
Case8,Lapping,res_7c8fdabb-be81-4c67-8e41-ad67d9e92ea6,Role 4,2012-03-22 14:46:48,20,0,2012-03-22 11:23:43
Case39,Packing,res_7c8fdabb-be81-4c67-8e41-ad67d9e92ea6,Role 5,2012-03-22 15:01:01,20,0,2012-03-22 11:49:18
Case26,Final Inspection Q.C.,res_c398216d-6a9e-46b5-bfff-c451cd975bee,Role 3,2012-03-22 17:58:56,19,0,2012-03-22 15:11:36
Case31,Packing,res_dabc6b57-c25a-4a28-87fa-750d54e9a156,Role 5,2012-03-22 18:56:46,20,1,2012-03-22 14:37:51
Case35,Packing,res_dabc6b57-c25a-4a28-87fa-750d54e9a156,Role 5,2012-03-22 19:25:27,19,1,2012-03-22 17:08:14
Case2,Lapping,res_11b41337-6683-49c6-9fbc-1790068cd61c,Role 4,2012-03-22 20:38:27,18,0,2012-03-22 18:07:30
Case36,Turning & Milling Q.C.,res_11b41337-6683-49c6-9fbc-1790068cd61c,Role 3,2012-03-22 21:55:52,18,0,2012-03-22 19:26:24
Case34,Packing,res_bbf73c69-f27b-4df9-8efc-6884050c63c3,Role 5,2012-03-23 00:58:11,18,0,2012-03-22 22:40:12
Case27,Lapping,res_bbf73c69-f27b-4df9-8efc-6884050c63c3,Role 4,2012-03-23 03:44:44,18,0,2012-03-23 00:09:56
Case8,Turning Rework,res_86102e31-9221-41dc-a7b4-ff583596dac8,Role 1,2012-03-23 04:05:28,18,0,2012-03-23 00:49:13
Case35,Fix,res_102f1f83-992a-441f-99ac-373f56671189,Role 1,2012-03-23 05:16:00,18,0,2012-03-23 04:03:11
Case31,Round  Q.C.,res_09f2ea0d-3074-44f2-84bc-ce60b4d83045,Role 1,2012-03-23 07:25:13,18,0,2012-03-23 04:23:25
Case2,Round Grinding,res_09f2ea0d-3074-44f2-84bc-ce60b4d83045,Role 2,2012-03-23 08:30:11,18,0,2012-03-23 06:26:22
Case36,Nitration Q.C.,res_09f2ea0d-3074-44f2-84bc-ce60b4d83045,Role 3,2012-03-23 09:08:55,18,0,2012-03-23 06:53:45
Case34,Fix,res_89bcacc2-770a-459d-aa4b-5bf27b1dcf5f,Role 1,2012-03-23 16:53:39,18,0,2012-03-23 14:53:18
Case8,Lapping,res_c398216d-6a9e-46b5-bfff-c451cd975bee,Role 4,2012-03-23 17:43:35,18,0,2012-03-23 15:51:37
Case27,Laser Marking,res_c398216d-6a9e-46b5-bfff-c451cd975bee,Role 4,2012-03-23 18:33:48,18,0,2012-03-23 15:52:32
Case35,Packing,res_c398216d-6a9e-46b5-bfff-c451cd975bee,Role 5,2012-03-23 18:50:16,18,0,2012-03-23 17:17:24
Case31,Packing,res_11b41337-6683-49c6-9fbc-1790068cd61c,Role 5,2012-03-23 22:10:47,17,0,2012-03-23 20:07:54
Case36,Laser Marking,res_11b41337-6683-49c6-9fbc-1790068cd61c,Role 4,2012-03-23 22:31:46,17,0,2012-03-23 20:28:08
Case2,Turning & Milling Q.C.,res_11b41337-6683-49c6-9fbc-1790068cd61c,Role 3,2012-03-23 22:41:58,17,0,2012-03-23 21:04:38
Case8,Turning Rework,res_3fcbb3fd-b39a-4169-aa0e-a56a05c8471a,Role 1,2012-03-24 10:37:52,17,0,2012-03-24 07:19:54
Case34,Packing,res_15ee7789-5eca-4759-a6f8-52783226bc10,Role 5,2012-03-24 10:53:15,17,0,2012-03-24 08:14:43
Case27,Round Grinding,res_102f1f83-992a-441f-99ac-373f56671189,Role 2,2012-03-24 12:01:44,17,0,2012-03-24 08:24:49
Case36,Round Grinding,res_7ad0fd0a-b68b-46f4-be67-20294803ab47,Role 2,2012-03-24 13:54:35,17,1,2012-03-24 10:51:37
Case2,Turning & Milling,res_7ad0fd0a-b68b-46f4-be67-20294803ab47,Role 1,2012-03-24 14:04:45,17,1,2012-03-24 11:28:44
Case31,Fix,res_7ad0fd0a-b68b-46f4-be67-20294803ab47,Role 1,2012-03-24 15:38:24,17,0,2012-03-24 12:28:18
Case34,Final Inspection Q.C.,res_89bcacc2-770a-459d-aa4b-5bf27b1dcf5f,Role 3,2012-03-25 01:04:07,17,0,2012-03-24 21:33:16
Case8,Lapping,res_89bcacc2-770a-459d-aa4b-5bf27b1dcf5f,Role 4,2012-03-25 02:15:48,17,0,2012-03-24 21:10:00
Case27,Packing,res_89bcacc2-770a-459d-aa4b-5bf27b1dcf5f,Role 5,2012-03-25 02:20:48,17,0,2012-03-24 22:11:26
Case36,Laser Marking,res_89bcacc2-770a-459d-aa4b-5bf27b1dcf5f,Role 4,2012-03-25 02:29:47,17,0,2012-03-24 22:50:46
Case2,Laser Marking,res_7c8fdabb-be81-4c67-8e41-ad67d9e92ea6,Role 4,2012-03-25 02:47:45,17,1,2012-03-24 23:14:54
Case31,Packing,res_7c8fdabb-be81-4c67-8e41-ad67d9e92ea6,Role 5,2012-03-25 05:50:19,16,0,2012-03-25 02:31:00
Case36,Final Inspection Q.C.,res_102f1f83-992a-441f-99ac-373f56671189,Role 3,2012-03-25 13:59:55,16,0,2012-03-25 10:52:12
Case34,Packing,res_102f1f83-992a-441f-99ac-373f56671189,Role 5,2012-03-25 14:01:43,16,0,2012-03-25 11:56:21
Case2,Final Inspection Q.C.,res_102f1f83-992a-441f-99ac-373f56671189,Role 3,2012-03-25 14:06:54,16,1,2012-03-25 11:36:08
Case8,Turning Rework,res_102f1f83-992a-441f-99ac-373f56671189,Role 1,2012-03-25 15:41:34,16,0,2012-03-25 12:43:16
Case31,Round  Q.C.,res_bbf73c69-f27b-4df9-8efc-6884050c63c3,Role 1,2012-03-25 18:37:53,16,0,2012-03-25 15:47:57
Case2,Round Grinding,res_89bcacc2-770a-459d-aa4b-5bf27b1dcf5f,Role 2,2012-03-26 00:09:53,16,0,2012-03-25 21:43:40
Case36,Round Grinding,res_89bcacc2-770a-459d-aa4b-5bf27b1dcf5f,Role 2,2012-03-26 00:39:39,16,1,2012-03-25 21:49:11
Case34,Final Inspection Q.C.,res_89bcacc2-770a-459d-aa4b-5bf27b1dcf5f,Role 3,2012-03-26 00:45:04,16,0,2012-03-25 22:35:39
Case8,Lapping,res_89bcacc2-770a-459d-aa4b-5bf27b1dcf5f,Role 4,2012-03-26 02:14:27,16,0,2012-03-25 23:57:12
Case31,Packing,res_c398216d-6a9e-46b5-bfff-c451cd975bee,Role 5,2012-03-26 05:51:16,16,0,2012-03-26 03:03:03
Case2,Turning & Milling Q.C.,res_a623461a-c618-4b9e-850c-e084475c7d9a,Role 3,2012-03-26 11:01:13,16,0,2012-03-26 08:37:42
Case36,Packing,res_a623461a-c618-4b9e-850c-e084475c7d9a,Role 5,2012-03-26 11:09:11,16,0,2012-03-26 09:00:54
Case34,Round Grinding,res_a623461a-c618-4b9e-850c-e084475c7d9a,Role 2,2012-03-26 11:10:51,16,0,2012-03-26 09:23:06
Case8,Round Grinding,res_a623461a-c618-4b9e-850c-e084475c7d9a,Role 2,2012-03-26 12:23:30,16,1,2012-03-26 10:28:15
Case31,Fix,res_86102e31-9221-41dc-a7b4-ff583596dac8,Role 1,2012-03-26 17:02:48,16,0,2012-03-26 14:15:13
Case36,Round  Q.C.,res_89bcacc2-770a-459d-aa4b-5bf27b1dcf5f,Role 1,2012-03-26 21:07:37,16,0,2012-03-26 18:45:51
Case2,Flat Grinding,res_89bcacc2-770a-459d-aa4b-5bf27b1dcf5f,Role 4,2012-03-26 22:13:17,16,0,2012-03-26 19:19:53
Case34,Laser Marking,res_89bcacc2-770a-459d-aa4b-5bf27b1dcf5f,Role 4,2012-03-26 22:28:06,16,0,2012-03-26 20:04:27
Case8,Laser Marking,res_89bcacc2-770a-459d-aa4b-5bf27b1dcf5f,Role 4,2012-03-26 23:52:43,16,1,2012-03-26 21:01:58
Case31,Packing,res_dabc6b57-c25a-4a28-87fa-750d54e9a156,Role 5,2012-03-27 06:17:18,16,0,2012-03-27 02:38:05
Case36,Packing,res_15ee7789-5eca-4759-a6f8-52783226bc10,Role 5,2012-03-27 07:46:37,16,1,2012-03-27 04:36:46
Case2,Lapping,res_3fcbb3fd-b39a-4169-aa0e-a56a05c8471a,Role 4,2012-03-27 09:50:32,16,0,2012-03-27 05:28:46
Case34,Round Grinding,res_3fcbb3fd-b39a-4169-aa0e-a56a05c8471a,Role 2,2012-03-27 10:25:08,16,0,2012-03-27 06:46:56
Case8,Round Grinding,res_3fcbb3fd-b39a-4169-aa0e-a56a05c8471a,Role 2,2012-03-27 12:02:30,16,1,2012-03-27 07:55:55
Case36,Fix,res_94206346-c42a-4393-af26-944045d91ddc,Role 1,2012-03-27 17:51:28,16,0,2012-03-27 14:45:24
Case31,Round  Q.C.,res_09f2ea0d-3074-44f2-84bc-ce60b4d83045,Role 1,2012-03-27 20:17:44,16,0,2012-03-27 16:30:20
Case2,Round Grinding,res_09f2ea0d-3074-44f2-84bc-ce60b4d83045,Role 2,2012-03-27 20:41:00,16,0,2012-03-27 16:30:22
Case34,Turning & Milling Q.C.,res_09f2ea0d-3074-44f2-84bc-ce60b4d83045,Role 3,2012-03-27 22:09:45,16,0,2012-03-27 18:40:53
Case8,Final Inspection Q.C.,res_09f2ea0d-3074-44f2-84bc-ce60b4d83045,Role 3,2012-03-27 23:20:28,16,0,2012-03-27 19:58:45
Case36,Packing,res_7c8fdabb-be81-4c67-8e41-ad67d9e92ea6,Role 5,2012-03-28 02:28:29,16,0,2012-03-27 23:31:00
Case2,Turning & Milling Q.C.,res_a623461a-c618-4b9e-850c-e084475c7d9a,Role 3,2012-03-28 07:18:34,16,0,2012-03-28 02:50:24
Case34,Stress Relief,res_2cd4a23d-bbcf-46df-9ed3-f4f921f4f644,Role 1,2012-03-28 09:27:44,16,0,2012-03-28 06:05:06
Case8,Grinding Rework,res_2cd4a23d-bbcf-46df-9ed3-f4f921f4f644,Role 2,2012-03-28 10:03:39,16,0,2012-03-28 06:26:20
Case31,Packing,res_2cd4a23d-bbcf-46df-9ed3-f4f921f4f644,Role 5,2012-03-28 10:06:23,16,0,2012-03-28 06:25:33
Case36,Final Inspection Q.C.,res_2cd4a23d-bbcf-46df-9ed3-f4f921f4f644,Role 3,2012-03-28 12:16:16,16,0,2012-03-28 08:11:48
Case2,Round Grinding,res_7ad0fd0a-b68b-46f4-be67-20294803ab47,Role 2,2012-03-28 19:06:55,15,0,2012-03-28 13:56:55
Case8,Final Inspection Q.C.,res_7ad0fd0a-b68b-46f4-be67-20294803ab47,Role 3,2012-03-28 20:22:16,15,0,2012-03-28 16:53:00
Case34,Turning & Milling,res_7ad0fd0a-b68b-46f4-be67-20294803ab47,Role 1,2012-03-28 20:46:44,15,1,2012-03-28 16:39:40
Case31,Fix,res_7ad0fd0a-b68b-46f4-be67-20294803ab47,Role 1,2012-03-28 21:50:03,15,0,2012-03-28 18:31:49
Case8,Packing,res_c398216d-6a9e-46b5-bfff-c451cd975bee,Role 5,2012-03-29 07:50:37,15,0,2012-03-29 04:35:04
Case2,Final Inspection Q.C.,res_c398216d-6a9e-46b5-bfff-c451cd975bee,Role 3,2012-03-29 09:21:50,15,0,2012-03-29 02:45:30
Case34,Milling,res_c398216d-6a9e-46b5-bfff-c451cd975bee,Role 1,2012-03-29 09:54:28,15,0,2012-03-29 04:58:15
Case31,Packing,res_c398216d-6a9e-46b5-bfff-c451cd975bee,Role 5,2012-03-29 10:15:58,15,1,2012-03-29 05:31:04
Case8,Final Inspection Q.C.,res_a23e3285-9129-48d6-aaf1-5a280fb168a6,Role 3,2012-03-29 19:33:08,15,0,2012-03-29 16:56:45
Case31,Fix,res_2cd4a23d-bbcf-46df-9ed3-f4f921f4f644,Role 1,2012-03-29 21:14:17,15,0,2012-03-29 17:53:48
Case2,Round Grinding,res_2cd4a23d-bbcf-46df-9ed3-f4f921f4f644,Role 2,2012-03-29 21:39:09,15,0,2012-03-29 17:33:29
Case34,Final Inspection Q.C.,res_2cd4a23d-bbcf-46df-9ed3-f4f921f4f644,Role 3,2012-03-29 23:39:23,15,0,2012-03-29 19:53:25
Case8,Round Grinding,res_15ee7789-5eca-4759-a6f8-52783226bc10,Role 2,2012-03-30 04:44:03,15,0,2012-03-30 03:09:55
Case2,Lapping,res_c398216d-6a9e-46b5-bfff-c451cd975bee,Role 4,2012-03-30 07:22:30,15,0,2012-03-30 05:00:53
Case31,Packing,res_c398216d-6a9e-46b5-bfff-c451cd975bee,Role 5,2012-03-30 08:23:08,15,0,2012-03-30 05:49:46
Case34,Packing,res_c398216d-6a9e-46b5-bfff-c451cd975bee,Role 5,2012-03-30 12:43:36,15,0,2012-03-30 10:21:32
Case8,Lapping,res_89bcacc2-770a-459d-aa4b-5bf27b1dcf5f,Role 4,2012-03-30 17:13:48,15,0,2012-03-30 15:54:00
Case2,Round Grinding,res_b3746141-dd86-44d1-afef-3d3542fd70c5,Role 2,2012-03-30 20:23:33,15,0,2012-03-30 18:50:30
Case31,Round  Q.C.,res_b3746141-dd86-44d1-afef-3d3542fd70c5,Role 1,2012-03-30 21:21:54,15,0,2012-03-30 19:44:18
Case34,Round  Q.C.,res_a23e3285-9129-48d6-aaf1-5a280fb168a6,Role 1,2012-03-31 03:51:47,15,0,2012-03-31 01:22:18
Case8,Laser Marking,res_dabc6b57-c25a-4a28-87fa-750d54e9a156,Role 4,2012-03-31 08:09:59,15,0,2012-03-31 05:14:09
Case2,Final Inspection Q.C.,res_c398216d-6a9e-46b5-bfff-c451cd975bee,Role 3,2012-03-31 11:24:08,15,0,2012-03-31 08:46:56
Case31,Packing,res_c398216d-6a9e-46b5-bfff-c451cd975bee,Role 5,2012-03-31 13:43:38,15,0,2012-03-31 10:56:55
Case34,Packing,res_6522742c-ee2f-4759-a60e-e76c582c48e3,Role 5,2012-03-31 16:52:50,15,1,2012-03-31 13:08:20
Case8,Round Grinding,res_a94cd673-91b9-44d9-8562-5052e2c2ad9b,Role 2,2012-03-31 21:46:09,14,0,2012-03-31 16:40:44
Case2,Grinding Rework,res_2cd4a23d-bbcf-46df-9ed3-f4f921f4f644,Role 2,2012-04-01 02:04:06,14,0,2012-03-31 20:53:26
Case34,Final Inspection Q.C.,res_2cd4a23d-bbcf-46df-9ed3-f4f921f4f644,Role 3,2012-04-01 04:10:54,14,0,2012-04-01 01:00:23
Case8,Packing,res_c398216d-6a9e-46b5-bfff-c451cd975bee,Role 5,2012-04-01 09:32:18,13,0,2012-04-01 05:33:46
Case2,Packing,res_7c8fdabb-be81-4c67-8e41-ad67d9e92ea6,Role 5,2012-04-01 14:19:11,12,0,2012-04-01 10:13:56
Case2,Fix,res_7ad0fd0a-b68b-46f4-be67-20294803ab47,Role 1,2012-04-01 23:58:52,12,0,2012-04-01 21:44:53
Case2,Packing,res_c398216d-6a9e-46b5-bfff-c451cd975bee,Role 5,2012-04-02 09:07:14,12,0,2012-04-02 07:29:23
