caseid,task,role,start_timestamp,end_timestamp,dur_raw,dur,wait_raw,wait
Case00,Turning & Milling,Role 1,2012-03-13 00:47:25,2012-03-13 03:40:43,0.12558454,10398.0,0.000575563870370388,2845.0
Case00,Turning & Milling,Role 1,2012-03-13 05:11:43,2012-03-13 07:25:36,0.09701587,8033.0,0.0011047637090086937,5460.0
Case00,Turning & Milling,Role 1,2012-03-13 08:58:20,2012-03-13 11:12:21,0.09711956,8041.0,0.0011258168378844857,5564.0
Case00,Turning & Milling,Role 1,2012-03-13 12:49:37,2012-03-13 15:00:15,0.09466359,7838.0,0.001180708291940391,5836.0
Case00,Turning & Milling,Role 3,2012-03-13 16:55:32,2012-03-13 19:03:44,0.09290078,7692.0,0.0013994695618748665,6917.0
Case00,Laser Marking,Role 1,2012-03-14 03:17:26,2012-03-14 04:36:03,0.056968797,4717.0,0.005993482656776905,29622.0
Case00,Turning & Milling,Role 1,2012-03-14 07:25:48,2012-03-14 09:06:45,0.07315158,6057.0,0.0020607749465852976,10185.0
Case00,Turning & Milling,Role 1,2012-03-14 11:28:20,2012-03-14 13:38:52,0.09459346,7832.0,0.0017187134362757206,8495.0
Case00,Turning & Milling Q.C.,Role 1,2012-03-14 15:52:02,2012-03-14 17:57:42,0.091064036,7540.0,0.0016166430432349443,7990.0
Case00,Flat Grinding,Role 3,2012-03-14 18:49:08,2012-03-14 20:43:20,0.0827576,6852.0,0.0006244571413844824,3086.0
Case00,Turning & Milling Q.C.,Role 2,2012-03-15 01:44:45,2012-03-15 03:05:24,0.05844366,4839.0,0.0036590551026165485,18085.0
Case00,Turning & Milling Q.C.,Role 1,2012-03-15 07:15:45,2012-03-15 08:32:59,0.055968598,4634.0,0.0030392874032258987,15021.0
Case00,Turning,Role 2,2012-03-15 10:08:24,2012-03-15 11:41:42,0.067608394,5598.0,0.0011583385057747364,5725.0
Case00,Laser Marking,Role 3,2012-03-15 13:58:57,2012-03-15 15:16:36,0.05627313,4659.0,0.0016662663547322154,8235.0
Case00,Lapping,Role 3,2012-03-15 18:46:05,2012-03-15 19:56:18,0.050876334,4213.0,0.0025430123787373304,12569.0
Case00,Laser Marking,end,2012-03-16 01:33:45,2012-03-16 02:35:39,0.044857334,3714.0,0.004096507094800472,20247.0
Case01,Turning & Milling,Role 2,2012-03-13 00:47:25,2012-03-13 03:40:43,0.12558454,10398.0,0.000575563870370388,2845.0
Case01,Turning & Milling,Role 3,2012-03-13 06:56:09,2012-03-13 08:38:24,0.07408923,6135.0,0.002372434828430414,11726.0
Case01,Turning,Role 7,2012-03-13 13:42:33,2012-03-13 15:08:50,0.06251994,5177.0,0.0036923454608768225,18249.0
Case01,Packing,Role 5,2012-03-13 20:03:51,2012-03-13 21:24:41,0.058575638,4850.0,0.003581496886909008,17701.0
Case01,Final Inspection Q.C.,Role 3,2012-03-14 05:21:45,2012-03-14 06:25:14,0.04600109,3809.0,0.005791479721665382,28624.0
Case02,Turning & Milling,Role 3,2012-03-13 00:47:25,2012-03-13 03:40:43,0.12558454,10398.0,0.000575563870370388,2845.0
Case02,Grinding Rework,Role 5,2012-03-13 09:10:58,2012-03-13 10:45:20,0.068378404,5662.0,0.004009080119431019,19815.0
Case02,Final Inspection Q.C.,Role 7,2012-03-13 16:35:00,2012-03-13 17:47:35,0.052592147,4355.0,0.004244960378855467,20980.0
Case03,Turning & Milling,Role 1,2012-03-13 00:47:25,2012-03-13 03:40:43,0.12558454,10398.0,0.000575563870370388,2845.0
Case03,Turning & Milling,Role 1,2012-03-13 05:11:43,2012-03-13 07:25:36,0.09701587,8033.0,0.0011047637090086937,5460.0
Case03,Turning & Milling,Role 3,2012-03-13 08:58:20,2012-03-13 11:12:21,0.09711956,8041.0,0.0011258168378844857,5564.0
Case03,Turning & Milling,Role 1,2012-03-13 16:32:56,2012-03-13 18:05:55,0.06737438,5579.0,0.0038917928468436003,19235.0
Case03,Turning & Milling,Role 1,2012-03-13 20:27:52,2012-03-13 22:29:35,0.08819494,7303.0,0.00172328925691545,8517.0
Case03,Turning & Milling,Role 1,2012-03-14 01:28:47,2012-03-14 03:33:26,0.09033197,7479.0,0.002175510162487626,10752.0
Case03,Turning & Milling Q.C.,Role 1,2012-03-14 06:27:43,2012-03-14 08:32:18,0.090277605,7475.0,0.0021157683804631233,10457.0
Case03,Turning & Milling Q.C.,Role 1,2012-03-14 10:14:01,2012-03-14 12:00:06,0.07687229,6365.0,0.001234796829521656,6103.0
Case03,Turning & Milling Q.C.,Role 3,2012-03-14 13:13:13,2012-03-14 15:01:21,0.0783557,6488.0,0.0008875979110598564,4387.0
Case03,Turning & Milling,Role 1,2012-03-14 19:16:47,2012-03-14 20:29:39,0.052802876,4372.0,0.003100978909060359,15326.0
Case03,Turning & Milling,Role 1,2012-03-14 21:57:40,2012-03-14 23:43:19,0.07655439,6339.0,0.0010685776360332966,5281.0
Case03,Flat Grinding,Role 1,2012-03-15 01:20:20,2012-03-15 03:10:20,0.079706885,6600.0,0.0011777617037296295,5821.0
Case03,Turning & Milling,Role 3,2012-03-15 03:41:41,2012-03-15 05:39:32,0.085403115,7071.0,0.00038051558658480644,1881.0
Case03,Turning & Milling Q.C.,Role 4,2012-03-15 10:11:12,2012-03-15 11:31:31,0.058201782,4819.0,0.003297981806099415,16300.0
Case03,Turning & Milling,Role 3,2012-03-15 15:49:04,2012-03-15 16:48:14,0.042877287,3550.0,0.00312652881257236,15453.0
Case03,Laser Marking,end,2012-03-15 19:49:13,2012-03-15 21:01:47,0.05258334,4354.0,0.002197181573137641,10859.0
Case03,Packing,Role 7,2012-03-16 00:18:52,2012-03-16 01:20:06,0.044371925,3674.0,0.0023925676941871643,11825.0
Case04,Turning & Milling Q.C.,Role 5,2012-03-13 00:47:25,2012-03-13 03:40:43,0.12558454,10398.0,0.000575563870370388,2845.0
Case04,Grinding Rework,Role 1,2012-03-13 07:12:48,2012-03-13 08:39:48,0.06304727,5220.0,0.002574715530499816,12725.0
Case04,Laser Marking,Role 2,2012-03-13 10:32:00,2012-03-13 12:28:05,0.0841233,6965.0,0.001362144947052002,6732.0
Case04,Lapping,Role 2,2012-03-13 15:12:24,2012-03-13 16:48:15,0.06946175,5751.0,0.0019947728142142296,9859.0
Case04,Lapping,Role 2,2012-03-13 19:18:15,2012-03-13 20:56:27,0.071156934,5892.0,0.0018209598492830992,9000.0
Case04,Round Grinding,Role 7,2012-03-13 23:33:24,2012-03-14 01:12:10,0.071570486,5926.0,0.001905336044728756,9417.0
Case04,Round Grinding,Role 2,2012-03-14 02:45:02,2012-03-14 04:39:38,0.08303971,6876.0,0.001127301249653101,5572.0
Case04,Final Inspection Q.C.,Role 3,2012-03-14 05:42:36,2012-03-14 07:46:46,0.089977354,7450.0,0.0007643128046765924,3778.0
Case04,Final Inspection Q.C.,Role 3,2012-03-14 11:43:55,2012-03-14 12:56:51,0.05284592,4376.0,0.0028788552153855562,14229.0
Case04,Final Inspection Q.C.,Role 5,2012-03-14 16:12:21,2012-03-14 17:14:42,0.045177825,3741.0,0.0023733959533274174,11730.0
Case05,Turning & Milling,Role 1,2012-03-13 00:47:25,2012-03-13 03:40:43,0.12558454,10398.0,0.000575563870370388,2845.0
Case05,Turning & Milling,Role 1,2012-03-13 05:11:43,2012-03-13 07:25:36,0.09701587,8033.0,0.0011047637090086937,5460.0
Case05,Turning & Milling,Role 1,2012-03-13 08:58:20,2012-03-13 11:12:21,0.09711956,8041.0,0.0011258168378844857,5564.0
Case05,Turning & Milling,Role 1,2012-03-13 12:49:37,2012-03-13 15:00:15,0.09466359,7838.0,0.001180708291940391,5836.0
Case05,Turning & Milling,Role 1,2012-03-13 16:55:32,2012-03-13 19:03:44,0.09290078,7692.0,0.0013994695618748665,6917.0
Case05,Turning & Milling,Role 1,2012-03-13 21:50:09,2012-03-13 23:56:36,0.09162475,7587.0,0.0020202200394123793,9985.0
Case05,Turning & Milling,Role 3,2012-03-14 02:45:15,2012-03-14 04:51:07,0.091209486,7552.0,0.0020474656485021114,10119.0
Case05,Turning & Milling Q.C.,Role 1,2012-03-14 13:12:26,2012-03-14 14:30:20,0.056446128,4674.0,0.006085824687033892,30079.0
Case05,Laser Marking,Role 1,2012-03-14 17:25:36,2012-03-14 18:50:03,0.061196037,5067.0,0.002127744723111391,10516.0
Case05,Turning,Role 2,2012-03-14 20:24:11,2012-03-14 22:08:59,0.07594684,6288.0,0.0011427600402384996,5648.0
Case05,Turning & Milling,Role 7,2012-03-15 01:45:08,2012-03-15 03:11:19,0.062452376,5171.0,0.0026240104343742132,12969.0
Case05,Round Grinding,Role 3,2012-03-15 08:02:51,2012-03-15 09:20:02,0.05593475,4631.0,0.0035391647834330797,17492.0
Case05,Laser Marking,Role 1,2012-03-15 12:50:12,2012-03-15 13:59:44,0.050382596,4172.0,0.0025513474829494953,12610.0
Case05,Lapping,Role 1,2012-03-15 15:23:41,2012-03-15 17:19:44,0.08409686,6963.0,0.0010191297624260187,5037.0
Case05,Lapping,Role 1,2012-03-15 17:42:30,2012-03-15 19:46:43,0.09000835,7453.0,0.0002764540258795023,1366.0
Case05,Round Grinding,Role 1,2012-03-15 20:02:23,2012-03-15 22:26:06,0.10414836,8623.0,0.00019018747843801975,940.0
Case05,Round Grinding,Role 2,2012-03-15 22:26:06,2012-03-16 01:10:16,0.11895689,9850.0,0.0,0.0
Case05,Lapping,Role 3,2012-03-16 01:35:46,2012-03-16 03:59:02,0.10381215,8596.0,0.00030958885326981544,1530.0
Case05,Round Grinding,Role 3,2012-03-16 07:00:30,2012-03-16 08:33:19,0.067258894,5569.0,0.002202947624027729,10888.0
Case05,Turn & Mill. & Screw Assem,Role 3,2012-03-16 11:15:42,2012-03-16 12:44:07,0.06407153,5305.0,0.0019712781067937613,9743.0
Case05,Final Inspection Q.C.,Role 3,2012-03-16 15:16:39,2012-03-16 16:36:10,0.0576254,4771.0,0.0018517812713980675,9152.0
Case05,Round Grinding,Role 3,2012-03-16 17:59:21,2012-03-16 18:52:04,0.038204193,3163.0,0.0010097790509462357,4991.0
Case05,Packing,Role 3,2012-03-16 20:54:29,2012-03-16 21:49:33,0.039906017,3304.0,0.0014860093360766768,7345.0
Case05,Packing,Role 3,2012-03-17 03:24:36,2012-03-17 04:19:02,0.039441388,3266.0,0.0040674470365047455,20103.0
Case05,Laser Marking,Role 5,2012-03-17 09:11:26,2012-03-17 10:01:09,0.03602281,2983.0,0.003549709916114807,17544.0
Case05,Final Inspection Q.C.,Role 3,2012-03-17 13:15:48,2012-03-17 14:01:03,0.03279188,2715.0,0.002363078761845827,11679.0
Case06,Turning & Milling,Role 1,2012-03-13 00:47:25,2012-03-13 03:40:43,0.12558454,10398.0,0.000575563870370388,2845.0
Case06,Turning & Milling,Role 1,2012-03-13 05:11:43,2012-03-13 07:25:36,0.09701587,8033.0,0.0011047637090086937,5460.0
Case06,Turning & Milling,Role 1,2012-03-13 08:58:20,2012-03-13 11:12:21,0.09711956,8041.0,0.0011258168378844857,5564.0
Case06,Turning & Milling,Role 1,2012-03-13 12:49:37,2012-03-13 15:00:15,0.09466359,7838.0,0.001180708291940391,5836.0
Case06,Turning & Milling,Role 1,2012-03-13 16:55:32,2012-03-13 19:03:44,0.09290078,7692.0,0.0013994695618748665,6917.0
Case06,Turning & Milling,Role 3,2012-03-13 21:50:09,2012-03-13 23:56:36,0.09162475,7587.0,0.0020202200394123793,9985.0
Case06,Turning & Milling Q.C.,Role 3,2012-03-14 08:16:05,2012-03-14 09:34:11,0.056599066,4686.0,0.006063669919967651,29969.0
Case06,Nitration Q.C.,Role 7,2012-03-14 16:56:16,2012-03-14 17:45:16,0.03550664,2940.0,0.00536688044667244,26525.0
Case06,Packing,end,2012-03-14 23:25:49,2012-03-15 00:27:10,0.044453036,3681.0,0.004134138114750385,20433.0
Case06,Laser Marking,end,2012-03-15 07:50:33,2012-03-15 08:49:24,0.04264826,3531.0,0.005382559262216091,26603.0
Case06,Final Inspection Q.C.,Role 7,2012-03-15 13:44:40,2012-03-15 14:37:38,0.038384214,3178.0,0.0035844403319060802,17716.0
Case06,Final Inspection Q.C.,Role 3,2012-03-15 17:54:12,2012-03-15 19:02:46,0.049682196,4114.0,0.0023862754460424185,11794.0
Case07,Turning & Milling,Role 1,2012-03-13 00:47:25,2012-03-13 03:40:43,0.12558454,10398.0,0.000575563870370388,2845.0
Case07,Turning & Milling,Role 1,2012-03-13 05:11:43,2012-03-13 07:25:36,0.09701587,8033.0,0.0011047637090086937,5460.0
Case07,Turning & Milling,Role 1,2012-03-13 08:58:20,2012-03-13 11:12:21,0.09711956,8041.0,0.0011258168378844857,5564.0
Case07,Turning & Milling,Role 1,2012-03-13 12:49:37,2012-03-13 15:00:15,0.09466359,7838.0,0.001180708291940391,5836.0
Case07,Turning & Milling,Role 1,2012-03-13 16:55:32,2012-03-13 19:03:44,0.09290078,7692.0,0.0013994695618748665,6917.0
Case07,Turning & Milling,Role 3,2012-03-13 21:50:09,2012-03-13 23:56:36,0.09162475,7587.0,0.0020202200394123793,9985.0
Case07,Turning & Milling Q.C.,Role 1,2012-03-14 08:16:05,2012-03-14 09:34:11,0.056599066,4686.0,0.006063669919967651,29969.0
Case07,Laser Marking,Role 3,2012-03-14 12:29:02,2012-03-14 13:53:35,0.06126863,5073.0,0.002122631762176752,10491.0
Case07,Turning & Milling,Role 7,2012-03-14 21:12:49,2012-03-14 22:14:20,0.04457917,3691.0,0.005332219414412975,26354.0
Case07,Lapping,Role 7,2012-03-15 02:42:29,2012-03-15 03:59:31,0.055824786,4622.0,0.003255268791690469,16089.0
Case07,Round Grinding,Role 7,2012-03-15 07:40:52,2012-03-15 08:58:29,0.056240823,4657.0,0.002687071682885289,13281.0
Case07,Round Grinding,Role 2,2012-03-15 10:45:12,2012-03-15 12:27:28,0.07410339,6136.0,0.001295437105000019,6403.0
Case07,Round Grinding,Role 2,2012-03-15 13:37:58,2012-03-15 15:29:58,0.08115412,6720.0,0.0008559307316318154,4230.0
Case07,Lapping,Role 2,2012-03-15 16:23:26,2012-03-15 18:30:19,0.09195027,7613.0,0.0006491127423942089,3208.0
Case07,Round Grinding,Role 2,2012-03-15 20:08:19,2012-03-15 22:02:16,0.08257669,6837.0,0.0011896630749106407,5880.0
Case07,Round Grinding,Role 2,2012-03-15 22:39:11,2012-03-16 00:49:50,0.09467716,7839.0,0.00044825742952525616,2215.0
Case07,Round Grinding,Role 2,2012-03-16 01:23:27,2012-03-16 03:36:02,0.0960743,7955.0,0.00040810322389006615,2017.0
Case07,Final Inspection Q.C.,Role 3,2012-03-16 04:19:40,2012-03-16 06:31:32,0.095550485,7912.0,0.0005297744646668434,2618.0
Case07,Packing,Role 2,2012-03-16 10:10:13,2012-03-16 11:25:53,0.054828182,4540.0,0.0026547026354819536,13121.0
Case07,Round Grinding,Role 2,2012-03-16 14:34:47,2012-03-16 15:31:26,0.041046903,3399.0,0.002293285680934787,11334.0
Case07,Lapping,Role 2,2012-03-16 17:03:18,2012-03-16 18:26:59,0.060638092,5021.0,0.0011153242085129023,5512.0
Case07,Turning & Milling Q.C.,Role 2,2012-03-16 19:50:17,2012-03-16 21:19:03,0.064329155,5326.0,0.0010112961754202843,4998.0
Case07,Lapping,Role 3,2012-03-16 23:47:16,2012-03-17 01:09:30,0.059591684,4934.0,0.0017992272041738033,8893.0
Case07,Laser Marking,Role 3,2012-03-17 04:58:44,2012-03-17 06:11:41,0.05286731,4377.0,0.002782752038910985,13754.0
Case07,Packing,Role 7,2012-03-17 10:38:03,2012-03-17 11:44:03,0.047821105,3960.0,0.003233530092984438,15982.0
Case07,Packing,Role 5,2012-03-17 16:23:04,2012-03-17 17:21:31,0.042350516,3507.0,0.0033872451167553663,16741.0
Case07,Final Inspection Q.C.,end,2012-03-17 22:34:05,2012-03-17 23:26:04,0.037664287,3119.0,0.0037943830247968435,18754.0
Case08,Turning & Milling,Role 3,2012-03-13 00:47:25,2012-03-13 03:40:43,0.12558454,10398.0,0.000575563870370388,2845.0
Case08,Laser Marking,Role 2,2012-03-13 09:10:58,2012-03-13 10:45:20,0.068378404,5662.0,0.004009080119431019,19815.0
Case08,Lapping,Role 2,2012-03-13 15:20:43,2012-03-13 16:38:02,0.056031514,4639.0,0.0033431737683713436,16523.0
Case08,Turning Rework,Role 7,2012-03-13 20:24:50,2012-03-13 21:43:56,0.05731854,4746.0,0.002753206994384527,13608.0
Case08,Round Grinding,Role 5,2012-03-14 02:06:51,2012-03-14 03:13:36,0.04836568,4005.0,0.003191754687577486,15775.0
Case08,Final Inspection Q.C.,Role 2,2012-03-14 05:16:57,2012-03-14 06:29:29,0.05256436,4352.0,0.0014974891673773527,7401.0
Case08,Round Grinding,Role 3,2012-03-14 08:41:35,2012-03-14 09:55:45,0.053747278,4450.0,0.0016037581954151392,7926.0
Case08,Lapping,Role 3,2012-03-14 12:10:35,2012-03-14 13:29:25,0.057129353,4730.0,0.0016369384247809649,8090.0
Case08,Round Grinding,Role 7,2012-03-14 16:45:53,2012-03-14 17:56:42,0.051311534,4249.0,0.002385038649663329,11788.0
Case08,Round Grinding,Role 2,2012-03-14 19:20:42,2012-03-14 20:59:20,0.07147286,5918.0,0.0010198274394497275,5040.0
Case08,Round Grinding,Role 2,2012-03-14 21:43:18,2012-03-14 23:31:20,0.07828407,6482.0,0.0005337574984878302,2638.0
Case08,Round Grinding,Role 3,2012-03-15 00:19:17,2012-03-15 02:17:46,0.08585258,7109.0,0.0005821797531098127,2877.0
Case08,Round Grinding,Role 2,2012-03-15 04:32:29,2012-03-15 06:15:05,0.07434837,6156.0,0.0016353591345250607,8083.0
Case08,Packing,Role 2,2012-03-15 07:03:54,2012-03-15 09:06:18,0.08869077,7344.0,0.0005926804151386023,2929.0
Case08,Turn & Mill. & Screw Assem,Role 5,2012-03-15 11:26:04,2012-03-15 12:41:51,0.05491326,4547.0,0.0016967091942206025,8386.0
Case08,Final Inspection Q.C.,Role 5,2012-03-15 16:13:27,2012-03-15 17:27:48,0.05387716,4461.0,0.002568853786215186,12696.0
Case09,Turning & Milling,Role 1,2012-03-13 00:47:25,2012-03-13 03:40:43,0.12558454,10398.0,0.000575563870370388,2845.0
Case09,Turning & Milling Q.C.,Role 1,2012-03-13 05:11:43,2012-03-13 07:25:36,0.09701587,8033.0,0.0011047637090086937,5460.0
Case09,Round Grinding,Role 1,2012-03-13 08:40:07,2012-03-13 10:34:39,0.08300069,6872.0,0.0009046626510098577,4471.0
Case09,Packing,Role 2,2012-03-13 10:55:51,2012-03-13 13:05:11,0.09371534,7760.0,0.0002572725061327219,1272.0
Case09,Flat Grinding,Role 3,2012-03-13 15:37:36,2012-03-13 16:50:35,0.052887715,4379.0,0.001850311877205968,9145.0
Case09,Lapping,Role 3,2012-03-13 20:03:37,2012-03-13 21:09:56,0.048057333,3979.0,0.002343416679650545,11582.0
Case09,Turning & Milling Q.C.,end,2012-03-14 01:21:27,2012-03-14 02:28:58,0.048927046,4051.0,0.0030533834360539913,15091.0
Case09,Final Inspection Q.C.,Role 3,2012-03-14 05:43:14,2012-03-14 06:49:14,0.04782404,3960.0,0.002358383033424616,11656.0
Case09,Packing,Role 3,2012-03-14 10:02:31,2012-03-14 11:01:45,0.04292825,3554.0,0.0023464751429855824,11597.0
Case09,Packing,Role 5,2012-03-14 14:10:14,2012-03-14 15:07:27,0.04146116,3433.0,0.002288121497258544,11309.0
Case10,Round Grinding,Role 1,2012-03-13 00:47:25,2012-03-13 03:40:43,0.12558454,10398.0,0.000575563870370388,2845.0
Case10,Round Grinding,Role 2,2012-03-13 03:40:43,2012-03-13 05:39:14,0.085877106,7111.0,0.0,0.0
Case10,Round Grinding,Role 2,2012-03-13 06:59:17,2012-03-13 08:54:06,0.08320162,6889.0,0.000971793313510716,4803.0
Case10,Round Grinding,Role 5,2012-03-13 10:14:39,2012-03-13 12:19:02,0.090133086,7463.0,0.0009778178064152598,4833.0
Case10,Round Grinding,Role 7,2012-03-13 13:43:23,2012-03-13 15:43:40,0.087167814,7217.0,0.0010239917319267988,5061.0
Case10,Round Grinding,Role 3,2012-03-13 16:50:01,2012-03-13 18:58:48,0.093320146,7727.0,0.0008055228972807527,3981.0
Case10,Round Grinding,Role 3,2012-03-13 21:06:29,2012-03-13 22:55:17,0.07884337,6528.0,0.0015500483568757772,7661.0
Case10,Round Grinding,Role 3,2012-03-14 01:08:40,2012-03-14 02:46:08,0.0706317,5848.0,0.0016191734466701746,8003.0
Case10,Packing,Role 3,2012-03-14 05:07:55,2012-03-14 06:38:00,0.06528157,5405.0,0.0017212885431945324,8507.0
Case10,Final Inspection Q.C.,Role 5,2012-03-14 10:09:34,2012-03-14 11:03:11,0.038858045,3217.0,0.002568416530266404,12694.0
Case10,Final Inspection Q.C.,Role 3,2012-03-14 13:27:33,2012-03-14 14:21:13,0.038890705,3220.0,0.0017526037991046906,8662.0
Case10,Final Inspection Q.C.,Role 3,2012-03-14 16:05:25,2012-03-14 16:55:06,0.03600008,2981.0,0.0012649382697418332,6252.0
Case11,Turning & Milling,Role 8,2012-03-13 00:47:25,2012-03-13 03:40:43,0.12558454,10398.0,0.000575563870370388,2845.0
Case11,Turning & Milling,Role 1,2012-03-13 06:06:55,2012-03-13 08:21:15,0.097344145,8060.0,0.0017748235259205103,8772.0
Case11,Turning & Milling,Role 1,2012-03-13 10:07:02,2012-03-13 12:15:40,0.09321253,7718.0,0.0012840904528275132,6347.0
Case11,Turning & Milling,Role 1,2012-03-13 13:57:25,2012-03-13 16:08:32,0.0950094,7867.0,0.0012352323392406106,6105.0
Case11,Turning & Milling,Role 1,2012-03-13 17:57:34,2012-03-13 20:07:01,0.09380846,7767.0,0.0013236395316198468,6542.0
Case11,Turning & Milling Q.C.,Role 1,2012-03-13 22:29:27,2012-03-14 00:34:58,0.09095915,7531.0,0.0017291870899498463,8546.0
Case11,Turning & Milling,Role 1,2012-03-14 01:57:57,2012-03-14 03:44:47,0.07741156,6410.0,0.0010074623860418797,4979.0
Case11,Turning & Milling,Role 1,2012-03-14 05:18:16,2012-03-14 07:24:14,0.09128432,7558.0,0.001134934020228684,5609.0
Case11,Turning & Milling,Role 1,2012-03-14 09:02:35,2012-03-14 11:02:35,0.0869558,7200.0,0.0011939513497054577,5901.0
Case11,Turning & Milling Q.C.,Role 1,2012-03-14 12:41:12,2012-03-14 14:43:19,0.088489756,7327.0,0.0011972784996032715,5917.0
Case11,Turning & Milling,Role 3,2012-03-14 15:36:54,2012-03-14 17:27:04,0.0798334,6610.0,0.0006505683995783329,3215.0
Case11,Turning & Milling,Role 1,2012-03-14 23:00:02,2012-03-15 00:16:32,0.055429,4590.0,0.004042178858071566,19978.0
Case11,Turning & Milling,Role 1,2012-03-15 02:33:15,2012-03-15 04:23:38,0.079984695,6623.0,0.0016597566427662969,8203.0
Case11,Turning & Milling,Role 1,2012-03-15 06:18:18,2012-03-15 08:14:45,0.08438281,6987.0,0.0013919315533712506,6880.0
Case11,Turning & Milling Q.C.,Role 3,2012-03-15 10:32:54,2012-03-15 12:32:19,0.086533226,7165.0,0.0016771114896982908,8289.0
Case11,Turning & Milling,Role 2,2012-03-15 18:22:10,2012-03-15 19:36:58,0.054199368,4488.0,0.004247176926583052,20991.0
Case11,Laser Marking,Role 3,2012-03-16 00:17:04,2012-03-16 01:44:41,0.06349484,5257.0,0.00340042426250875,16806.0
Case11,Flat Grinding,Role 7,2012-03-16 08:10:43,2012-03-16 09:06:59,0.04077369,3376.0,0.004686345346271992,23162.0
Case11,Flat Grinding,Role 7,2012-03-16 12:46:02,2012-03-16 13:58:42,0.052659087,4360.0,0.002659175544977188,13143.0
Case11,Lapping,Role 2,2012-03-16 16:44:44,2012-03-16 18:09:56,0.06174054,5112.0,0.0020156996324658394,9962.0
Case11,Lapping,Role 3,2012-03-16 21:03:31,2012-03-16 22:34:47,0.066139124,5476.0,0.0021073431707918644,10415.0
Case11,Lapping,Role 7,2012-03-17 03:03:42,2012-03-17 04:19:58,0.055263102,4576.0,0.003264526603743434,16135.0
Case11,Turning & Milling Q.C.,Role 3,2012-03-17 06:54:56,2012-03-17 08:25:51,0.06588435,5455.0,0.0018812150228768587,9298.0
Case11,Packing,Role 5,2012-03-17 12:28:08,2012-03-17 13:35:04,0.048506636,4016.0,0.0029413483571261168,14537.0
Case11,Turning & Milling Q.C.,Role 2,2012-03-17 18:03:45,2012-03-17 18:52:03,0.035003155,2898.0,0.0032617677934467793,16121.0
Case11,Final Inspection Q.C.,end,2012-03-17 20:49:34,2012-03-17 21:42:16,0.038190298,3162.0,0.0014266330981627107,7051.0
Case12,Turning & Milling Q.C.,Role 1,2012-03-13 00:47:25,2012-03-13 03:40:43,0.12558454,10398.0,0.000575563870370388,2845.0
Case12,Turning & Milling,Role 2,2012-03-13 04:53:48,2012-03-13 06:45:41,0.081076324,6713.0,0.0008872981416061521,4385.0
Case12,Round Grinding,Role 3,2012-03-13 09:37:01,2012-03-13 11:09:36,0.067085356,5555.0,0.0020800060592591763,10280.0
Case12,Final Inspection Q.C.,Role 3,2012-03-13 13:48:20,2012-03-13 15:10:30,0.05954364,4930.0,0.0019270370248705149,9524.0
Case12,Laser Marking,Role 3,2012-03-13 19:59:18,2012-03-13 21:06:38,0.048787896,4040.0,0.0035060588270425797,17328.0
Case12,Packing,Role 5,2012-03-14 01:21:39,2012-03-14 02:26:08,0.046730082,3869.0,0.003095859196037054,15301.0
Case13,Turning & Milling Q.C.,Role 1,2012-03-13 00:47:25,2012-03-13 03:40:43,0.12558454,10398.0,0.000575563870370388,2845.0
Case13,Round Grinding,Role 2,2012-03-13 04:53:48,2012-03-13 06:45:41,0.081076324,6713.0,0.0008872981416061521,4385.0
Case13,Lapping,Role 2,2012-03-13 08:24:47,2012-03-13 10:09:51,0.076135844,6304.0,0.0012029753997921944,5946.0
Case13,Round Grinding,Role 2,2012-03-13 12:39:53,2012-03-13 14:21:25,0.07357701,6092.0,0.0018214551964774728,9002.0
Case13,Round Grinding,Role 2,2012-03-13 15:37:05,2012-03-13 17:32:35,0.08369286,6930.0,0.0009186750976368785,4540.0
Case13,Round Grinding,Role 2,2012-03-13 18:20:12,2012-03-13 20:25:24,0.090726405,7512.0,0.0005780465435236692,2857.0
Case13,Round Grinding,Role 2,2012-03-13 21:07:27,2012-03-13 23:19:18,0.095542714,7911.0,0.0005104898009449244,2523.0
Case13,Round Grinding,Role 3,2012-03-14 00:09:49,2012-03-14 02:21:58,0.09576689,7929.0,0.0006133066490292549,3031.0
Case13,Round Grinding,Role 3,2012-03-14 04:20:57,2012-03-14 06:12:31,0.08084373,6694.0,0.0014444420812651515,7139.0
Case13,Round Grinding,Role 5,2012-03-14 08:25:59,2012-03-14 10:04:49,0.07161437,5930.0,0.0016203131526708603,8008.0
Case13,Flat Grinding,Role 2,2012-03-14 11:27:19,2012-03-14 13:12:38,0.07631651,6319.0,0.0010016027372330427,4950.0
Case13,Round Grinding,Role 3,2012-03-14 14:41:40,2012-03-14 16:23:08,0.073524565,6088.0,0.0010808028746396303,5342.0
Case13,Round Grinding,Role 3,2012-03-14 18:25:41,2012-03-14 19:56:57,0.06613314,5476.0,0.001487783039920032,7353.0
Case13,Packing,Role 2,2012-03-14 22:12:59,2012-03-14 23:42:00,0.06450926,5341.0,0.0016513208393007517,8162.0
Case13,Final Inspection Q.C.,Role 3,2012-03-15 02:28:23,2012-03-15 03:38:14,0.050612226,4191.0,0.0020197860430926085,9983.0
Case13,Packing,Role 7,2012-03-15 05:47:40,2012-03-15 06:40:33,0.03832442,3173.0,0.0015713106840848923,7766.0
Case14,Flat Grinding,Role 1,2012-03-13 00:47:25,2012-03-13 03:40:43,0.12558454,10398.0,0.000575563870370388,2845.0
Case14,Round Grinding,Role 2,2012-03-13 04:19:23,2012-03-13 06:22:38,0.089309126,7395.0,0.00046930788084864616,2320.0
Case14,Final Inspection Q.C.,Role 2,2012-03-13 07:40:03,2012-03-13 09:32:22,0.08138397,6739.0,0.0009398525580763817,4645.0
Case14,Turning,Role 7,2012-03-13 12:37:26,2012-03-13 14:11:50,0.06840589,5664.0,0.0022466888185590506,11104.0
Case14,Packing,Role 2,2012-03-13 17:04:33,2012-03-13 18:21:20,0.055637624,4607.0,0.002096812706440687,10363.0
Case15,Turning & Milling,Role 3,2012-03-13 00:47:25,2012-03-13 03:40:43,0.12558454,10398.0,0.000575563870370388,2845.0
Case15,Lapping,Role 1,2012-03-13 09:10:58,2012-03-13 10:45:20,0.068378404,5662.0,0.004009080119431019,19815.0
Case15,Turning & Milling,Role 3,2012-03-13 12:49:47,2012-03-13 14:26:50,0.07032898,5823.0,0.001510731759481132,7467.0
Case15,Flat Grinding,end,2012-03-13 20:11:19,2012-03-13 21:34:33,0.06031958,4994.0,0.004181841388344765,20669.0
Case15,Round Grinding,Role 2,2012-03-14 01:21:02,2012-03-14 02:25:06,0.046430226,3844.0,0.002749545266851783,13589.0
Case15,Round Grinding,Role 3,2012-03-14 04:09:13,2012-03-14 05:32:23,0.060267203,4990.0,0.0012640001950785518,6247.0
Case15,Round Grinding,Role 1,2012-03-14 08:40:51,2012-03-14 10:02:13,0.058966354,4882.0,0.0022879126481711864,11308.0
Case15,Packing,Role 2,2012-03-14 10:53:51,2012-03-14 12:50:32,0.08455394,7001.0,0.0006267656572163105,3098.0
Case15,Final Inspection Q.C.,Role 7,2012-03-14 15:56:52,2012-03-14 17:16:49,0.057937305,4797.0,0.0022620412055402994,11180.0
Case15,Packing,Role 2,2012-03-14 19:51:53,2012-03-14 21:09:51,0.056496784,4678.0,0.0018825007136911154,9304.0
Case16,Turning & Milling,Role 1,2012-03-13 00:47:25,2012-03-13 03:40:43,0.12558454,10398.0,0.000575563870370388,2845.0
Case16,Turning & Milling,Role 1,2012-03-13 05:11:43,2012-03-13 07:25:36,0.09701587,8033.0,0.0011047637090086937,5460.0
Case16,Turning & Milling Q.C.,Role 3,2012-03-13 08:58:20,2012-03-13 11:12:21,0.09711956,8041.0,0.0011258168378844857,5564.0
Case16,Turning & Milling,Role 1,2012-03-13 15:11:35,2012-03-13 16:36:47,0.061737735,5112.0,0.002904267981648445,14354.0
Case16,Turning & Milling Q.C.,Role 1,2012-03-13 17:58:58,2012-03-13 20:03:42,0.09038353,7484.0,0.0009977833833545446,4931.0
Case16,Turning & Milling,Role 1,2012-03-13 20:55:29,2012-03-13 22:35:51,0.07272647,6022.0,0.0006285714916884899,3107.0
Case16,Turning & Milling,Role 7,2012-03-13 23:22:28,2012-03-14 01:24:14,0.08823085,7306.0,0.000565951457247138,2797.0
Case16,Turning & Milling Q.C.,Role 3,2012-03-14 05:00:26,2012-03-14 06:26:55,0.062665574,5189.0,0.0026245464105159044,12972.0
Case16,Laser Marking,Role 1,2012-03-14 10:31:09,2012-03-14 11:33:16,0.045008194,3727.0,0.002964915009215474,14654.0
Case16,Flat Grinding,Role 7,2012-03-14 12:56:11,2012-03-14 14:44:48,0.07870753,6517.0,0.0010065517853945494,4975.0
Case16,Turning & Milling Q.C.,Role 2,2012-03-14 16:59:42,2012-03-14 18:26:07,0.06261961,5185.0,0.0016376732382923365,8094.0
Case16,Flat Grinding,Role 7,2012-03-14 21:09:51,2012-03-14 22:37:34,0.063565075,5263.0,0.0019877301529049873,9824.0
Case16,Lapping,Role 2,2012-03-15 01:02:51,2012-03-15 02:36:12,0.06765055,5601.0,0.001763644628226757,8717.0
Case16,Flat Grinding,Role 2,2012-03-15 04:47:40,2012-03-15 06:26:04,0.07130058,5904.0,0.0015960345044732094,7888.0
Case16,Round Grinding,Role 7,2012-03-15 08:34:47,2012-03-15 10:17:21,0.074319884,6154.0,0.001562565565109253,7723.0
Case16,Round Grinding,Role 2,2012-03-15 11:27:38,2012-03-15 13:25:01,0.08505528,7043.0,0.0008532546926289797,4217.0
Case16,Round Grinding,Role 2,2012-03-15 14:20:33,2012-03-15 16:27:20,0.09186618,7607.0,0.0006741511169821024,3332.0
Case16,Round Grinding,Role 2,2012-03-15 17:25:51,2012-03-15 19:35:39,0.09405747,7788.0,0.0007104375399649143,3511.0
Case17,Turning & Milling,Role 1,2012-03-13 00:47:25,2012-03-13 03:40:43,0.12558454,10398.0,0.000575563870370388,2845.0
Case17,Turning & Milling Q.C.,Role 1,2012-03-13 05:11:43,2012-03-13 07:25:36,0.09701587,8033.0,0.0011047637090086937,5460.0
Case17,Flat Grinding,Role 3,2012-03-13 08:40:07,2012-03-13 10:34:39,0.08300069,6872.0,0.0009046626510098577,4471.0
Case17,Round Grinding,Role 1,2012-03-13 15:22:29,2012-03-13 16:48:41,0.06246943,5172.0,0.0034942689817398787,17270.0
Case17,Turning,end,2012-03-13 17:42:33,2012-03-13 19:41:07,0.08592115,7114.0,0.0006539372261613607,3232.0
Case17,Turning,end,2012-03-14 00:08:41,2012-03-14 01:50:09,0.07352613,6088.0,0.003248293185606599,16054.0
Case17,Flat Grinding,Role 3,2012-03-14 06:12:01,2012-03-14 07:46:08,0.06820024,5647.0,0.0031788982450962067,15712.0
Case17,Turning,Role 1,2012-03-14 10:20:22,2012-03-14 11:20:37,0.04365468,3615.0,0.0018722712993621826,9254.0
Case17,Turning,Role 3,2012-03-14 12:40:16,2012-03-14 14:50:37,0.094460905,7821.0,0.0009669294813647866,4779.0
Case17,Packing,Role 4,2012-03-14 18:33:28,2012-03-14 20:08:20,0.06874657,5692.0,0.0027053127996623516,13371.0
Case17,Final Inspection Q.C.,Role 6,2012-03-15 04:05:56,2012-03-15 05:37:26,0.06630018,5490.0,0.005797997582703829,28656.0
Case17,Turning & Milling,Role 3,2012-03-15 11:34:15,2012-03-15 12:38:36,0.04662637,3861.0,0.004331609699875116,21409.0
Case17,Turning Q.C.,Role 1,2012-03-15 16:26:34,2012-03-15 18:13:42,0.077634424,6428.0,0.002767430618405342,13678.0
Case17,Laser Marking,Role 4,2012-03-15 20:01:36,2012-03-15 21:25:38,0.06089937,5042.0,0.0013098629424348474,6474.0
Case17,Turning & Milling Q.C.,Role 3,2012-03-16 02:14:13,2012-03-16 03:34:50,0.05842331,4837.0,0.0035034245811402798,17315.0
Case17,Turning & Milling Q.C.,Role 5,2012-03-16 07:23:04,2012-03-16 08:28:01,0.04707054,3897.0,0.0027707084082067013,13694.0
Case17,Lapping,Role 7,2012-03-16 12:27:39,2012-03-16 13:28:07,0.043816697,3628.0,0.0029090209864079952,14378.0
Case17,Turning & Milling Q.C.,Role 2,2012-03-16 16:09:52,2012-03-16 17:32:36,0.059948646,4964.0,0.001963577000424266,9705.0
Case17,Final Inspection Q.C.,Role 5,2012-03-16 20:01:14,2012-03-16 21:18:17,0.05582776,4623.0,0.00180430943146348,8918.0
Case17,Round Grinding,Role 5,2012-03-17 00:41:54,2012-03-17 01:56:51,0.054316822,4497.0,0.0024719559587538242,12217.0
Case17,Round Grinding,Role 2,2012-03-17 03:47:19,2012-03-17 05:15:17,0.063743815,5278.0,0.0013411155669018626,6628.0
Case17,Lapping,Role 2,2012-03-17 06:07:33,2012-03-17 07:50:53,0.07488292,6200.0,0.0006344842258840799,3136.0
Case17,Round Grinding,end,2012-03-17 09:47:06,2012-03-17 11:28:32,0.07350768,6086.0,0.0014108349569141865,6973.0
Case17,Round Grinding,Role 7,2012-03-17 13:10:26,2012-03-17 15:04:54,0.082951024,6868.0,0.0012371242046356201,6114.0
Case17,Round Grinding,Role 2,2012-03-17 16:10:10,2012-03-17 18:16:03,0.09122081,7553.0,0.0007923563243821263,3916.0
Case17,Round Grinding,Role 2,2012-03-17 19:10:43,2012-03-17 21:18:33,0.09262749,7670.0,0.00066353939473629,3280.0
Case17,Round Grinding,Role 2,2012-03-17 22:21:30,2012-03-18 00:29:44,0.092920944,7694.0,0.0007640992989763618,3777.0
Case17,Round Grinding,Role 2,2012-03-18 01:27:53,2012-03-18 03:37:05,0.09362233,7752.0,0.0007060053758323193,3489.0
Case17,Final Inspection Q.C.,Role 2,2012-03-18 04:15:17,2012-03-18 06:31:42,0.098847225,8185.0,0.0004637097008526325,2292.0
Case17,Round Grinding,Role 2,2012-03-18 08:26:31,2012-03-18 10:08:42,0.0740485,6131.0,0.0013938265619799495,6889.0
Case17,Round Grinding,Role 7,2012-03-18 11:05:29,2012-03-18 12:59:23,0.08253023,6834.0,0.0006894010584801435,3407.0
Case17,Round Grinding,Role 3,2012-03-18 13:41:11,2012-03-18 15:43:18,0.088485695,7327.0,0.0005074653308838606,2508.0
Case17,Round Grinding,Role 3,2012-03-18 17:49:00,2012-03-18 19:34:01,0.07610029,6301.0,0.0015260583022609353,7542.0
Case17,Round Grinding,Role 2,2012-03-18 21:47:20,2012-03-18 23:21:32,0.06825584,5652.0,0.0016185323474928737,7999.0
Case17,Round Grinding,Role 2,2012-03-19 00:15:28,2012-03-19 02:08:10,0.08166191,6762.0,0.0006546725053340197,3236.0
Case17,Round Grinding,Role 2,2012-03-19 02:49:57,2012-03-19 04:49:53,0.08691408,7196.0,0.0005071805790066719,2507.0
Case17,Round Grinding,Role 5,2012-03-19 05:33:51,2012-03-19 07:34:16,0.0872633,7225.0,0.000533686950802803,2638.0
Case17,Final Inspection Q.C.,Role 3,2012-03-19 08:49:02,2012-03-19 10:51:00,0.08837727,7318.0,0.0009075850248336792,4486.0
Case17,Packing,Role 5,2012-03-19 13:53:56,2012-03-19 15:13:01,0.057306945,4745.0,0.00222068652510643,10976.0
Case17,Final Inspection Q.C.,Role 3,2012-03-19 19:54:31,2012-03-19 20:49:20,0.039717432,3289.0,0.0034173440653830767,16890.0
Case18,SETUP     Turning & Milling,Role 1,2012-03-13 00:47:25,2012-03-13 03:40:43,0.12558454,10398.0,0.000575563870370388,2845.0
Case18,Turning,Role 1,2012-03-13 05:40:24,2012-03-13 07:36:30,0.0841257,6966.0,0.0014528698520734906,7181.0
Case18,Turning,Role 1,2012-03-13 10:05:30,2012-03-13 12:00:36,0.083411515,6906.0,0.0018088972428813577,8940.0
Case18,Turning Q.C.,Role 3,2012-03-13 14:53:30,2012-03-13 16:47:45,0.082793176,6855.0,0.0020990027114748955,10374.0
Case18,Laser Marking,Role 7,2012-03-13 23:25:27,2012-03-14 00:42:25,0.055772375,4618.0,0.00482799019664526,23862.0
Case18,Lapping,Role 3,2012-03-14 08:02:32,2012-03-14 09:12:54,0.050995566,4222.0,0.005342879798263311,26407.0
Case18,Flat Grinding,Role 7,2012-03-14 17:20:33,2012-03-14 18:13:53,0.038642332,3200.0,0.005919892340898514,29259.0
Case18,Final Inspection Q.C.,Role 1,2012-03-14 21:58:02,2012-03-14 23:13:03,0.054361373,4501.0,0.0027211173437535763,13449.0
Case18,Round Grinding,Role 3,2012-03-15 00:32:23,2012-03-15 02:10:18,0.07094957,5875.0,0.0009631381835788488,4760.0
Case18,Lapping,Role 7,2012-03-15 04:26:35,2012-03-15 06:03:00,0.06987298,5785.0,0.0016545425169169903,8177.0
Case18,Round Grinding,Role 7,2012-03-15 07:57:52,2012-03-15 09:34:51,0.07028122,5819.0,0.0013944939710199833,6892.0
Case18,Round Grinding,Role 2,2012-03-15 10:37:46,2012-03-15 12:32:55,0.08344693,6909.0,0.0007636939408257604,3775.0
Case18,Round Grinding,Role 2,2012-03-15 13:23:23,2012-03-15 15:23:05,0.08674406,7182.0,0.0006127371452748775,3028.0
Case18,Laser Marking,Role 3,2012-03-15 16:04:51,2012-03-15 18:10:49,0.09128031,7558.0,0.0005069503095000982,2506.0
Case18,Turning & Milling,Role 3,2012-03-15 21:31:22,2012-03-15 22:55:25,0.06090817,5043.0,0.002434725873172283,12033.0
Case18,Final Inspection Q.C.,Role 3,2012-03-16 02:09:31,2012-03-16 03:17:59,0.04961019,4108.0,0.0023563054855912924,11646.0
Case18,Final Inspection Q.C.,Role 7,2012-03-16 04:57:53,2012-03-16 05:49:24,0.037327334,3091.0,0.0012127243680879474,5994.0
Case18,Packing,Role 3,2012-03-16 07:49:42,2012-03-16 08:51:52,0.045054063,3730.0,0.0014603238087147474,7218.0
Case18,Final Inspection Q.C.,Role 3,2012-03-16 15:09:40,2012-03-16 16:05:26,0.040406812,3346.0,0.004586442373692989,22668.0
Case18,Laser Marking,Role 3,2012-03-16 20:23:57,2012-03-16 21:10:08,0.03346144,2771.0,0.0031382550951093435,15511.0
Case18,Final Inspection Q.C.,Role 7,2012-03-17 02:08:38,2012-03-17 03:07:49,0.042880792,3551.0,0.0036236499436199665,17910.0
Case18,Final Inspection Q.C.,end,2012-03-17 07:15:30,2012-03-17 08:19:25,0.04631605,3835.0,0.0030068557243794203,14861.0
Case18,Final Inspection Q.C.,Role 3,2012-03-17 13:29:31,2012-03-17 14:35:26,0.047771145,3955.0,0.003764570225030184,18606.0
Case18,Packing,Role 3,2012-03-17 18:01:02,2012-03-17 19:03:48,0.045483176,3766.0,0.0024958644062280655,12336.0
Case18,Final Inspection Q.C.,Role 5,2012-03-17 22:35:16,2012-03-17 23:30:43,0.04018058,3327.0,0.0025671247858554125,12688.0
Case18,Final Inspection Q.C.,Role 2,2012-03-18 03:55:37,2012-03-18 04:49:36,0.03912088,3239.0,0.0032159145921468735,15894.0
Case18,Grinding Rework,Role 2,2012-03-18 07:59:05,2012-03-18 09:05:26,0.048073962,3981.0,0.0023003313690423965,11369.0
Case18,Final Inspection Q.C.,Role 2,2012-03-18 12:13:18,2012-03-18 13:27:49,0.053999744,4471.0,0.0022806618362665176,11272.0
Case18,Final Inspection Q.C.,Role 5,2012-03-18 16:26:47,2012-03-18 17:40:06,0.05312799,4399.0,0.0021727103739976883,10738.0
Case18,Final Inspection Q.C.,end,2012-03-18 21:40:59,2012-03-18 22:56:49,0.05495038,4550.0,0.002924233442172408,14453.0
Case18,Packing,end,2012-03-19 03:40:09,2012-03-19 04:59:37,0.057581898,4768.0,0.003439687192440033,17000.0
Case18,Final Inspection Q.C.,Role 3,2012-03-19 11:06:25,2012-03-19 12:29:39,0.060310166,4994.0,0.004452767316251993,22008.0
Case18,Packing,Role 4,2012-03-19 14:45:23,2012-03-19 15:45:46,0.04375313,3623.0,0.0016477733151987195,8144.0
Case18,Milling,Role 4,2012-03-19 20:48:14,2012-03-19 22:22:28,0.068286166,5654.0,0.0036718640476465225,18148.0
Case18,Final Inspection Q.C.,Role 5,2012-03-20 03:28:55,2012-03-20 04:52:24,0.060494803,5009.0,0.003720289096236229,18387.0
Case18,Milling,Role 3,2012-03-20 09:12:48,2012-03-20 10:34:01,0.05884889,4873.0,0.003161102067679167,15624.0
Case18,Milling,Role 3,2012-03-20 13:44:57,2012-03-20 14:58:26,0.05324795,4409.0,0.0023178094998002052,11456.0
Case18,Laser Marking,Role 3,2012-03-20 17:52:14,2012-03-20 19:03:11,0.05141198,4257.0,0.0021099867299199104,10428.0
Case18,Round Grinding,Role 3,2012-03-20 21:58:30,2012-03-20 23:04:07,0.047553975,3937.0,0.002128245774656534,10519.0
Case18,Lapping,Role 3,2012-03-21 02:04:35,2012-03-21 03:03:26,0.042650707,3531.0,0.0021908185444772243,10828.0
Case18,Packing,Role 5,2012-03-21 07:38:46,2012-03-21 08:44:10,0.047393434,3924.0,0.003342428244650364,16520.0
Case19,Turning & Milling,Role 1,2012-03-13 00:47:25,2012-03-13 03:40:43,0.12558454,10398.0,0.000575563870370388,2845.0
Case19,Turning,Role 1,2012-03-13 05:11:43,2012-03-13 07:25:36,0.09701587,8033.0,0.0011047637090086937,5460.0
Case19,Turning,Role 1,2012-03-13 09:10:51,2012-03-13 11:23:33,0.09616372,7962.0,0.0012777324300259352,6315.0
Case19,Turning,Role 1,2012-03-13 13:39:24,2012-03-13 15:42:17,0.08904849,7373.0,0.0016491388669237494,8151.0
Case19,Turning,Role 1,2012-03-13 18:36:33,2012-03-13 20:33:32,0.08477533,7019.0,0.0021155765280127525,10456.0
Case19,Turning & Milling,Role 1,2012-03-14 00:53:36,2012-03-14 02:45:32,0.08110888,6716.0,0.0031571455765515566,15604.0
Case19,Turning,Role 1,2012-03-14 07:15:19,2012-03-14 09:02:25,0.077611074,6426.0,0.0032751085236668587,16187.0
Case19,Turning,Role 1,2012-03-14 13:21:59,2012-03-14 15:14:16,0.0813679,6737.0,0.003151144366711378,15574.0
Case19,Turning Q.C.,Role 3,2012-03-14 19:26:47,2012-03-14 21:17:40,0.08035329,6653.0,0.003065585158765316,15151.0
Case19,Stress Relief,Role 3,2012-03-15 03:53:12,2012-03-15 05:02:57,0.050544832,4185.0,0.0048015788197517395,23732.0
Case19,Turning & Milling Q.C.,Role 1,2012-03-15 13:49:03,2012-03-15 15:29:26,0.072743736,6023.0,0.006386676803231239,31566.0
Case19,Turning,Role 2,2012-03-15 17:41:06,2012-03-15 19:06:34,0.061931927,5128.0,0.00159849738702178,7900.0
Case19,Turning,Role 5,2012-03-15 22:05:44,2012-03-15 23:26:59,0.05887585,4875.0,0.0021749536972492933,10750.0
Case19,Final Inspection Q.C.,Role 3,2012-03-16 04:22:49,2012-03-16 05:39:12,0.055344485,4583.0,0.0035913994070142508,17750.0
Case19,Round Grinding,Role 1,2012-03-16 09:27:15,2012-03-16 10:20:53,0.0388601,3218.0,0.0027685347013175488,13683.0
Case19,Round Grinding,Role 2,2012-03-16 10:39:35,2012-03-16 11:58:35,0.057242423,4740.0,0.00022702012211084366,1122.0
Case19,Lapping,Role 2,2012-03-16 12:56:43,2012-03-16 14:24:31,0.063622974,5268.0,0.0007058139890432358,3488.0
Case19,Lapping,Role 3,2012-03-16 16:22:17,2012-03-16 17:58:17,0.069568425,5760.0,0.0014297146117314696,7066.0
Case19,Round Grinding,Role 3,2012-03-16 21:10:54,2012-03-16 22:32:42,0.059278183,4908.0,0.0023383295629173517,11557.0
Case19,Final Inspection Q.C.,Role 2,2012-03-17 01:20:57,2012-03-17 02:47:04,0.062401243,5167.0,0.0020425203256309032,10095.0
Case19,Packing,Role 2,2012-03-17 04:59:28,2012-03-17 06:18:39,0.057383727,4751.0,0.0016072936123237014,7944.0
Case19,Final Inspection Q.C.,Role 3,2012-03-17 09:37:06,2012-03-17 10:36:46,0.04323973,3580.0,0.002409118227660656,11907.0
Case19,Lapping,end,2012-03-17 12:51:45,2012-03-17 13:42:35,0.0368349,3050.0,0.0016386117786169052,8099.0
Case19,Round Grinding,Role 5,2012-03-17 15:02:36,2012-03-17 16:07:38,0.0471196,3902.0,0.0009713198523968458,4801.0
Case19,Lapping,Role 7,2012-03-17 17:30:40,2012-03-17 18:45:57,0.054550435,4517.0,0.0010080005740746856,4982.0
Case19,Final Inspection Q.C.,Role 7,2012-03-17 20:41:37,2012-03-17 22:10:12,0.06419426,5315.0,0.0014041641261428595,6940.0
Case19,Packing,Role 5,2012-03-18 00:31:25,2012-03-18 01:56:04,0.06133992,5079.0,0.0017143841832876205,8473.0
Case19,Final Inspection Q.C.,Role 3,2012-03-18 07:30:52,2012-03-18 08:37:12,0.04806669,3980.0,0.0040643345564603806,20088.0
Case19,Laser Marking,Role 7,2012-03-18 10:11:55,2012-03-18 11:00:53,0.035488553,2938.0,0.0011497741797938943,5683.0
Case20,Turning & Milling,Role 1,2012-03-13 00:47:25,2012-03-13 03:40:43,0.12558454,10398.0,0.000575563870370388,2845.0
Case20,Turning & Milling,Role 1,2012-03-13 05:11:43,2012-03-13 07:25:36,0.09701587,8033.0,0.0011047637090086937,5460.0
Case20,Turning & Milling,Role 1,2012-03-13 08:58:20,2012-03-13 11:12:21,0.09711956,8041.0,0.0011258168378844857,5564.0
Case20,Turning & Milling,Role 1,2012-03-13 12:49:37,2012-03-13 15:00:15,0.09466359,7838.0,0.001180708291940391,5836.0
Case20,Turning & Milling Q.C.,Role 1,2012-03-13 16:55:32,2012-03-13 19:03:44,0.09290078,7692.0,0.0013994695618748665,6917.0
Case20,Turning & Milling Q.C.,Role 1,2012-03-13 20:24:23,2012-03-13 22:11:18,0.07747793,6415.0,0.0009790693875402212,4839.0
Case20,Turning & Milling,Role 3,2012-03-13 23:23:51,2012-03-14 01:12:08,0.078462735,6497.0,0.0008806512923911214,4353.0
Case20,Turning & Milling,Role 3,2012-03-14 05:18:34,2012-03-14 06:27:37,0.050036967,4143.0,0.002991548040881753,14786.0
Case20,Laser Marking,Role 7,2012-03-14 10:41:32,2012-03-14 11:42:43,0.04433353,3671.0,0.0030825010035187006,15235.0
Case20,Round Grinding,Role 2,2012-03-14 16:33:47,2012-03-14 17:38:01,0.046547923,3854.0,0.003533557988703251,17464.0
Case20,Round Grinding,Role 3,2012-03-14 20:04:18,2012-03-14 21:25:39,0.058947,4881.0,0.0017757711466401815,8777.0
Case20,Round Grinding,Role 2,2012-03-15 01:15:02,2012-03-15 02:25:46,0.05125766,4244.0,0.002784665673971176,13763.0
Case20,Lapping,Role 2,2012-03-15 03:45:01,2012-03-15 05:26:33,0.073579654,6092.0,0.0009621721692383289,4755.0
Case20,Round Grinding,Role 3,2012-03-15 07:05:57,2012-03-15 08:49:57,0.07536501,6240.0,0.0012067577335983515,5964.0
Case20,Round Grinding,Role 2,2012-03-15 10:49:45,2012-03-15 12:29:38,0.07238202,5993.0,0.0014543370343744755,7188.0
Case20,Round Grinding,Role 2,2012-03-15 13:10:42,2012-03-15 15:03:13,0.0815393,6751.0,0.0004985090345144272,2464.0
Case20,Round Grinding,Role 2,2012-03-15 15:43:37,2012-03-15 17:46:47,0.089245275,7390.0,0.0004904204979538918,2424.0
Case20,Round Grinding,Role 2,2012-03-15 18:40:12,2012-03-15 20:45:38,0.09089568,7526.0,0.0006484449841082096,3205.0
Case20,Round Grinding,Role 3,2012-03-15 21:27:50,2012-03-15 23:34:26,0.09174234,7596.0,0.0005122863221913576,2532.0
Case20,Round Grinding,Role 3,2012-03-16 01:32:45,2012-03-16 03:24:15,0.08080046,6690.0,0.0014363699592649937,7099.0
Case20,Round Grinding,Role 2,2012-03-16 05:37:01,2012-03-16 07:15:51,0.07161897,5930.0,0.001611659419722855,7966.0
Case20,Final Inspection Q.C.,Role 2,2012-03-16 08:11:51,2012-03-16 10:03:32,0.08092803,6701.0,0.0006797879468649626,3360.0
Case20,Round Grinding,Role 3,2012-03-16 11:59:46,2012-03-16 13:30:09,0.065496415,5423.0,0.0014111048076301813,6974.0
Case20,Round Grinding,Role 3,2012-03-16 15:25:24,2012-03-16 16:53:46,0.0640302,5302.0,0.0013990217121317983,6915.0
Case20,Round Grinding,Role 3,2012-03-16 19:06:46,2012-03-16 20:33:49,0.06308438,5223.0,0.0016146558336913586,7980.0
Case20,Final Inspection Q.C.,Role 5,2012-03-16 23:05:42,2012-03-17 00:31:06,0.061889097,5124.0,0.001843759324401617,9113.0
Case20,Final Inspection Q.C.,end,2012-03-17 03:55:50,2012-03-17 05:08:22,0.052556742,4352.0,0.0024854051880538464,12284.0
Case21,Round Grinding,Role 7,2012-03-13 00:47:25,2012-03-13 03:40:43,0.12558454,10398.0,0.000575563870370388,2845.0
Case21,Turning & Milling Q.C.,Role 2,2012-03-13 04:32:49,2012-03-13 06:12:38,0.07232661,5989.0,0.0006325677968561649,3126.0
Case21,Flat Grinding,Role 1,2012-03-13 09:43:46,2012-03-13 11:10:07,0.06256707,5181.0,0.0025630579330027103,12668.0
Case21,Round Grinding,Role 7,2012-03-13 12:52:21,2012-03-13 14:43:49,0.08077308,6688.0,0.0012411269126459956,6134.0
Case21,Round Grinding,Role 2,2012-03-13 15:35:08,2012-03-13 17:37:22,0.0885755,7334.0,0.0006229942664504051,3079.0
Case21,Round Grinding,Role 3,2012-03-13 18:12:51,2012-03-13 20:25:35,0.096183755,7964.0,0.00043074763379991055,2129.0
Case21,Round Grinding,Role 3,2012-03-13 22:32:12,2012-03-14 00:18:47,0.07723415,6395.0,0.0015371247427538037,7597.0
Case21,Final Inspection Q.C.,Role 3,2012-03-14 02:54:21,2012-03-14 04:31:07,0.07011717,5806.0,0.0018886334728449583,9334.0
Case21,Round Grinding,Role 2,2012-03-14 08:08:23,2012-03-14 09:15:04,0.048317637,4001.0,0.0026375562883913517,13036.0
Case21,Round Grinding,Role 3,2012-03-14 10:26:39,2012-03-14 11:57:13,0.065626495,5434.0,0.0008690203540027142,4295.0
Case21,Round Grinding,Role 3,2012-03-14 13:59:19,2012-03-14 15:23:17,0.060849234,5038.0,0.001482181018218398,7326.0
Case21,Round Grinding,Role 3,2012-03-14 17:45:37,2012-03-14 19:08:47,0.060264014,4990.0,0.0017279844032600522,8540.0
Case21,Final Inspection Q.C.,Role 3,2012-03-14 21:30:56,2012-03-14 22:51:40,0.058497593,4844.0,0.0017255906714126468,8529.0
Case21,Final Inspection Q.C.,Role 2,2012-03-15 02:42:05,2012-03-15 03:43:49,0.044732668,3704.0,0.0027972902171313763,13825.0
Case21,Final Inspection Q.C.,Role 3,2012-03-15 05:59:56,2012-03-15 07:11:06,0.051575042,4270.0,0.001652470207773149,8167.0
Case21,Packing,Role 3,2012-03-15 09:55:02,2012-03-15 10:56:29,0.044530723,3687.0,0.0019900330808013678,9836.0
Case21,Final Inspection Q.C.,Role 5,2012-03-15 14:41:51,2012-03-15 15:36:12,0.0393801,3261.0,0.0027358955703675747,13522.0
Case21,Final Inspection Q.C.,Role 3,2012-03-15 20:19:51,2012-03-15 21:11:27,0.03738707,3096.0,0.0034434644039720297,17019.0
Case21,Final Inspection Q.C.,Role 3,2012-03-16 01:02:54,2012-03-16 01:56:50,0.039084587,3236.0,0.0028098050970584154,13887.0
Case21,Final Inspection Q.C.,Role 3,2012-03-16 05:47:12,2012-03-16 06:45:52,0.042506505,3520.0,0.0027966825291514397,13822.0
Case21,Final Inspection Q.C.,Role 3,2012-03-16 10:50:07,2012-03-16 11:48:21,0.042195834,3494.0,0.0029651711229234934,14655.0
Case22,Turning & Milling,Role 1,2012-03-13 00:47:25,2012-03-13 03:40:43,0.12558454,10398.0,0.000575563870370388,2845.0
Case22,Turning & Milling,Role 3,2012-03-13 05:11:43,2012-03-13 07:25:36,0.09701587,8033.0,0.0011047637090086937,5460.0
Case22,Turning & Milling,Role 5,2012-03-13 12:13:37,2012-03-13 13:50:35,0.07027042,5818.0,0.0034964713267982006,17281.0
Case22,Turning & Milling Q.C.,Role 3,2012-03-13 19:16:27,2012-03-13 20:38:36,0.05953273,4929.0,0.00395603571087122,19552.0
Case22,Turning & Milling,Role 1,2012-03-14 00:55:00,2012-03-14 01:43:47,0.035354394,2927.0,0.0031127037946134806,15384.0
Case22,Turning & Milling,Role 1,2012-03-14 03:05:57,2012-03-14 05:05:53,0.08690418,7196.0,0.0009973895503208041,4930.0
Case22,Turning & Milling,Role 3,2012-03-14 06:37:38,2012-03-14 08:39:41,0.088444255,7323.0,0.00111391581594944,5505.0
Case22,Turning & Milling,Role 5,2012-03-14 14:39:43,2012-03-14 16:03:48,0.060934857,5045.0,0.004370647016912699,21602.0
Case22,Grinding Rework,Role 3,2012-03-14 22:41:04,2012-03-14 23:54:13,0.05300715,4389.0,0.0048227207735180855,23836.0
Case22,Lapping,Role 7,2012-03-15 07:10:26,2012-03-15 07:56:04,0.033067875,2738.0,0.005295512266457081,26173.0
Case22,Final Inspection Q.C.,Role 7,2012-03-15 11:58:10,2012-03-15 13:03:29,0.047333058,3919.0,0.0029391185380518436,14526.0
Case22,Turning & Milling,Role 7,2012-03-15 16:38:28,2012-03-15 17:45:42,0.04872382,4034.0,0.002609923481941223,12899.0
Case22,Laser Marking,Role 7,2012-03-15 20:56:01,2012-03-15 22:13:54,0.05644239,4673.0,0.0023103586863726377,11419.0
Case22,Round Grinding,Role 7,2012-03-16 01:36:11,2012-03-16 02:55:34,0.057525255,4763.0,0.0024557251017540693,12137.0
Case22,Round Grinding,Role 2,2012-03-16 04:26:50,2012-03-16 06:14:12,0.07780522,6442.0,0.0011078595416620374,5476.0
Case22,Round Grinding,Role 2,2012-03-16 07:05:19,2012-03-16 09:00:38,0.08356115,6919.0,0.0006205984391272068,3067.0
Case22,Round Grinding,Role 2,2012-03-16 09:56:38,2012-03-16 12:01:52,0.09075228,7514.0,0.0006798966787755489,3360.0
Case22,Round Grinding,Role 2,2012-03-16 12:47:37,2012-03-16 15:01:51,0.09727014,8054.0,0.0005552959628403187,2745.0
Case22,Lapping,Role 3,2012-03-16 15:37:21,2012-03-16 17:54:18,0.09923937,8217.0,0.00043104030191898346,2130.0
Case22,Round Grinding,Role 3,2012-03-16 20:53:57,2012-03-16 22:26:34,0.06711249,5557.0,0.0021809269674122334,10779.0
Case22,Turning & Milling Q.C.,Role 3,2012-03-17 00:45:29,2012-03-17 02:15:50,0.065474965,5421.0,0.001686370582319796,8335.0
Case22,Round Grinding,Role 5,2012-03-17 06:02:57,2012-03-17 07:09:09,0.047973134,3972.0,0.002757040783762932,13627.0
Case22,Round Grinding,Role 3,2012-03-17 08:25:37,2012-03-17 09:47:20,0.05921138,4903.0,0.000928284483961761,4588.0
Case22,Round Grinding,Role 3,2012-03-17 11:53:29,2012-03-17 13:10:36,0.05587782,4627.0,0.0015314716147258878,7569.0
Case22,Round Grinding,Role 2,2012-03-17 15:33:05,2012-03-17 16:53:20,0.05814617,4815.0,0.0017297202721238136,8549.0
Case22,Lapping,Role 3,2012-03-17 17:53:53,2012-03-17 19:33:14,0.071988195,5961.0,0.0007349755614995956,3633.0
Case23,Flat Grinding,Role 1,2012-03-13 00:47:25,2012-03-13 03:40:43,0.12558454,10398.0,0.000575563870370388,2845.0
Case23,Round Grinding,Role 2,2012-03-13 04:19:23,2012-03-13 06:22:38,0.089309126,7395.0,0.00046930788084864616,2320.0
Case23,Round Grinding,Role 7,2012-03-13 07:40:03,2012-03-13 09:32:22,0.08138397,6739.0,0.0009398525580763817,4645.0
Case23,Round Grinding,Role 3,2012-03-13 10:53:37,2012-03-13 12:55:24,0.08824724,7307.0,0.00098627177067101,4875.0
Case23,Round Grinding,Role 2,2012-03-13 15:33:39,2012-03-13 17:17:03,0.07492419,6204.0,0.0019210512982681394,9495.0
Case23,Round Grinding,Role 3,2012-03-13 18:23:09,2012-03-13 20:21:16,0.08559779,7087.0,0.0008024494163691998,3966.0
Case23,Round Grinding,Role 3,2012-03-13 22:28:03,2012-03-14 00:11:51,0.07521927,6228.0,0.0015391816850751638,7607.0
Case23,Final Inspection Q.C.,Role 2,2012-03-14 02:26:51,2012-03-14 04:01:09,0.06833268,5658.0,0.0016389613738283515,8100.0
Case23,Packing,Role 3,2012-03-14 06:13:13,2012-03-14 07:34:47,0.059102554,4894.0,0.0016032618004828691,7924.0
Case23,Final Inspection Q.C.,Role 3,2012-03-14 10:55:08,2012-03-14 11:46:18,0.03707401,3070.0,0.002432179171591997,12021.0
Case23,Final Inspection Q.C.,Role 7,2012-03-14 13:27:48,2012-03-14 14:14:17,0.033683665,2789.0,0.0012322706170380116,6090.0
Case23,Final Inspection Q.C.,Role 3,2012-03-14 16:26:52,2012-03-14 17:27:20,0.043817297,3628.0,0.0016094843158498406,7955.0
Case23,Final Inspection Q.C.,Role 5,2012-03-14 21:46:58,2012-03-14 22:47:06,0.04357439,3608.0,0.003151847515255213,15578.0
Case23,Final Inspection Q.C.,Role 3,2012-03-15 03:24:14,2012-03-15 04:26:34,0.045165226,3740.0,0.00336430873721838,16628.0
Case23,Packing,Role 3,2012-03-15 08:00:56,2012-03-15 09:00:04,0.042844743,3548.0,0.002602457534521818,12862.0
Case23,Final Inspection Q.C.,Role 3,2012-03-15 13:05:18,2012-03-15 13:56:49,0.037328176,3091.0,0.0029770892579108477,14714.0
Case23,Final Inspection Q.C.,Role 5,2012-03-15 16:47:38,2012-03-15 17:35:56,0.035002016,2898.0,0.0020736493170261383,10249.0
Case23,Final Inspection Q.C.,Role 3,2012-03-15 21:52:12,2012-03-15 22:48:14,0.040600732,3362.0,0.0031109871342778206,15376.0
Case23,Final Inspection Q.C.,Role 3,2012-03-16 02:55:16,2012-03-16 03:55:12,0.043432534,3596.0,0.002998901065438986,14822.0
Case23,Final Inspection Q.C.,Role 2,2012-03-16 07:49:05,2012-03-16 08:47:23,0.04224442,3498.0,0.002839322667568922,14033.0
Case23,Final Inspection Q.C.,Role 3,2012-03-16 11:38:21,2012-03-16 12:45:10,0.04842331,4009.0,0.002075421391054988,10258.0
Case23,Packing,Role 5,2012-03-16 16:22:51,2012-03-16 17:24:59,0.04501841,3728.0,0.002642668318003416,13061.0
Case23,Final Inspection Q.C.,end,2012-03-16 22:58:18,2012-03-16 23:54:10,0.04048114,3352.0,0.004046302288770676,19999.0
Case23,Packing,Role 3,2012-03-17 05:12:52,2012-03-17 06:09:33,0.04107726,3401.0,0.0038690264336764812,19122.0
Case23,Grinding Rework,Role 3,2012-03-17 09:12:14,2012-03-17 10:15:31,0.04585587,3797.0,0.002217722125351429,10961.0
Case23,Packing,Role 7,2012-03-17 13:22:58,2012-03-17 14:24:16,0.044423703,3678.0,0.0022755288518965244,11247.0
Case23,Packing,Role 3,2012-03-17 19:05:01,2012-03-17 20:27:05,0.059467986,4924.0,0.0034082760103046894,16845.0
Case23,Round Grinding,Role 7,2012-03-18 00:44:17,2012-03-18 01:47:18,0.045669124,3781.0,0.0031222612597048283,15432.0
Case23,Round Grinding,Role 3,2012-03-18 04:01:37,2012-03-18 04:59:16,0.04177997,3459.0,0.001630498212762177,8059.0
Case23,Final Inspection Q.C.,end,2012-03-18 08:56:53,2012-03-18 09:53:11,0.040800046,3378.0,0.002884531859308481,14257.0
Case23,Final Inspection Q.C.,Role 5,2012-03-18 14:06:52,2012-03-18 15:06:23,0.04312609,3571.0,0.0030797140207141638,15221.0
Case23,Final Inspection Q.C.,Role 3,2012-03-18 18:38:21,2012-03-18 19:46:43,0.049544323,4102.0,0.002573244972154498,12718.0
Case23,Laser Marking,Role 2,2012-03-18 21:44:20,2012-03-18 22:46:19,0.04491372,3719.0,0.001427865820005536,7057.0
Case23,Final Inspection Q.C.,Role 2,2012-03-19 01:04:32,2012-03-19 02:22:15,0.056311145,4663.0,0.001677867490798235,8293.0
Case24,Turning & Milling,Role 5,2012-03-13 00:47:25,2012-03-13 03:40:43,0.12558454,10398.0,0.000575563870370388,2845.0
Case24,Final Inspection Q.C.,Role 3,2012-03-13 06:51:25,2012-03-13 08:28:29,0.070332915,5824.0,0.002315056510269642,11442.0
Case24,Lapping,Role 2,2012-03-13 12:22:15,2012-03-13 13:25:02,0.04549193,3767.0,0.002837780397385359,14026.0
Case24,Lapping,Role 9,2012-03-13 16:25:04,2012-03-13 17:37:03,0.052162558,4319.0,0.0021855321247130632,10802.0
Case24,Round Grinding,Role 9,2012-03-13 21:11:47,2012-03-13 22:26:33,0.05417843,4486.0,0.0026067455764859915,12884.0
Case24,Turning & Milling,Role 2,2012-03-14 00:04:06,2012-03-14 01:26:35,0.059765834,4949.0,0.0011843278771266341,5853.0
Case24,Final Inspection Q.C.,Role 2,2012-03-14 03:37:53,2012-03-14 05:21:24,0.07501163,6211.0,0.0015939014265313745,7878.0
Case24,Round Grinding,Role 7,2012-03-14 07:35:56,2012-03-14 08:58:22,0.05973661,4946.0,0.0016331305960193276,8072.0
Case24,Round Grinding,Role 2,2012-03-14 10:40:37,2012-03-14 12:18:34,0.070982695,5877.0,0.0012412624200806022,6135.0
Case24,Round Grinding,Role 2,2012-03-14 13:11:11,2012-03-14 15:00:00,0.07885867,6529.0,0.0006387163884937763,3157.0
Case24,Final Inspection Q.C.,Role 2,2012-03-14 16:01:05,2012-03-14 17:57:59,0.08471094,7014.0,0.0007415144937112927,3665.0
Case24,Packing,Role 2,2012-03-14 19:55:46,2012-03-14 21:32:17,0.06994492,5791.0,0.0014298988971859217,7067.0
Case24,Final Inspection Q.C.,Role 2,2012-03-15 00:23:49,2012-03-15 01:25:53,0.044971358,3724.0,0.0020823541563004255,10292.0
Case24,Final Inspection Q.C.,Role 3,2012-03-15 03:27:20,2012-03-15 04:36:27,0.0500869,4147.0,0.0014744495274499059,7287.0
Case24,Lapping,end,2012-03-15 07:06:56,2012-03-15 08:07:56,0.044207063,3660.0,0.0018267559353262186,9029.0
Case24,Final Inspection Q.C.,Role 3,2012-03-15 10:49:19,2012-03-15 11:59:44,0.051026393,4225.0,0.0019591916352510452,9683.0
Case24,Final Inspection Q.C.,Role 9,2012-03-15 14:57:51,2012-03-15 15:57:40,0.043345094,3589.0,0.002162251388654113,10687.0
Case25,Laser Marking,Role 1,2012-03-13 00:47:25,2012-03-13 03:40:43,0.12558454,10398.0,0.000575563870370388,2845.0
Case25,Lapping,Role 2,2012-03-13 04:51:22,2012-03-13 06:55:22,0.089860156,7440.0,0.0008576775435358286,4239.0
Case25,Laser Marking,Role 7,2012-03-13 09:22:19,2012-03-13 11:03:22,0.07322708,6063.0,0.0017839958891272545,8817.0
Case25,Round Grinding,Role 7,2012-03-13 13:55:03,2012-03-13 15:32:01,0.07026479,5818.0,0.0020842128433287144,10301.0
Case25,Final Inspection Q.C.,Role 2,2012-03-13 17:00:30,2012-03-13 18:52:02,0.08082132,6692.0,0.0010741603327915072,5309.0
Case25,Round Grinding,Role 2,2012-03-13 21:25:24,2012-03-13 22:59:33,0.06822805,5649.0,0.0018618800677359104,9202.0
Case25,Round Grinding,Role 3,2012-03-14 00:08:55,2012-03-14 01:58:23,0.07932716,6568.0,0.0008420258527621627,4162.0
Case25,Round Grinding,Role 2,2012-03-14 04:13:10,2012-03-14 05:52:03,0.07164863,5933.0,0.0016362417954951525,8087.0
Case25,Round Grinding,Role 3,2012-03-14 06:49:27,2012-03-14 08:43:30,0.082640365,6843.0,0.0006968711968511343,3444.0
Case25,Round Grinding,Role 3,2012-03-14 10:53:15,2012-03-14 12:30:04,0.070155144,5809.0,0.0015750906895846128,7785.0
Case25,Final Inspection Q.C.,Role 7,2012-03-14 14:48:14,2012-03-14 16:21:01,0.067229226,5567.0,0.0016772208036854863,8290.0
Case25,Round Grinding,Role 3,2012-03-14 18:31:06,2012-03-14 19:54:15,0.060248364,4989.0,0.0015792777994647622,7805.0
Case25,Turning & Milling Q.C.,Role 3,2012-03-14 21:58:56,2012-03-14 23:25:11,0.062495023,5175.0,0.001513593946583569,7481.0
Case25,Round Grinding,Role 5,2012-03-15 02:58:40,2012-03-15 04:04:56,0.048018012,3976.0,0.002591650001704693,12809.0
Case25,Turning & Milling Q.C.,Role 2,2012-03-15 05:27:20,2012-03-15 06:49:56,0.05986108,4956.0,0.0010003584902733564,4944.0
Case25,Turning & Milling Q.C.,Role 7,2012-03-15 08:46:33,2012-03-15 10:07:42,0.058806416,4869.0,0.0014157014666125178,6997.0
Case25,Round Grinding,Role 3,2012-03-15 12:27:13,2012-03-15 13:48:13,0.058698695,4860.0,0.0016937365289777517,8371.0
Case25,Round Grinding,Role 2,2012-03-15 15:48:02,2012-03-15 17:11:01,0.06013714,4979.0,0.001454575452953577,7189.0
Case25,Round Grinding,Role 2,2012-03-15 18:13:38,2012-03-15 19:58:25,0.07593395,6287.0,0.0007601962424814701,3757.0
Case25,Round Grinding,Role 3,2012-03-15 20:45:10,2012-03-15 22:38:54,0.08241031,6824.0,0.0005675440188497305,2805.0
Case25,Final Inspection Q.C.,Role 3,2012-03-16 00:40:36,2012-03-16 02:23:30,0.07456078,6174.0,0.0014774580486118793,7302.0
Case25,Final Inspection Q.C.,Role 5,2012-03-16 06:01:19,2012-03-16 07:08:05,0.048376087,4006.0,0.0026442804373800755,13069.0
Case25,Turning & Milling,Role 5,2012-03-16 10:03:00,2012-03-16 11:10:05,0.048610307,4025.0,0.002123491372913122,10495.0
Case26,Turning & Milling Q.C.,Role 7,2012-03-13 00:47:25,2012-03-13 03:40:43,0.12558454,10398.0,0.000575563870370388,2845.0
Case26,Final Inspection Q.C.,Role 1,2012-03-13 06:52:37,2012-03-13 08:22:33,0.06517213,5396.0,0.0023295297287404537,11514.0
Case26,Flat Grinding,Role 2,2012-03-13 10:16:20,2012-03-13 11:58:01,0.07368299,6101.0,0.0013813039986416698,6827.0
Case26,Lapping,Role 3,2012-03-13 14:50:49,2012-03-13 16:24:30,0.067887545,5621.0,0.002097724936902523,10368.0
Case26,Laser Marking,Role 3,2012-03-13 20:42:42,2012-03-13 22:04:17,0.059115715,4895.0,0.003134439466521144,15492.0
Case26,Final Inspection Q.C.,Role 3,2012-03-14 02:42:52,2012-03-14 03:53:39,0.051286727,4247.0,0.003381959395483136,16715.0
Case26,Final Inspection Q.C.,Role 5,2012-03-14 08:24:08,2012-03-14 09:19:11,0.039886843,3303.0,0.0032835351303219795,16229.0
Case26,Packing,Role 3,2012-03-14 11:46:19,2012-03-14 12:42:35,0.040771484,3376.0,0.0017860943917185068,8828.0
Case26,Final Inspection Q.C.,Role 5,2012-03-14 16:05:55,2012-03-14 16:58:18,0.037961688,3143.0,0.002468489110469818,12200.0
Case26,Final Inspection Q.C.,Role 5,2012-03-14 20:08:01,2012-03-14 20:54:38,0.033775106,2797.0,0.0023031639866530895,11383.0
Case26,Final Inspection Q.C.,Role 2,2012-03-15 01:49:21,2012-03-15 02:54:13,0.047009476,3892.0,0.0035777331795543432,17683.0
Case26,Final Inspection Q.C.,Role 3,2012-03-15 05:59:01,2012-03-15 07:09:45,0.051253732,4244.0,0.0022434666752815247,11088.0
Case26,Final Inspection Q.C.,Role 2,2012-03-15 10:46:21,2012-03-15 11:47:37,0.044391885,3676.0,0.002629498252645135,12996.0
Case26,Final Inspection Q.C.,Role 5,2012-03-15 14:38:43,2012-03-15 15:49:53,0.05156784,4270.0,0.002077096374705434,10266.0
Case26,Final Inspection Q.C.,Role 3,2012-03-15 20:52:12,2012-03-15 22:01:19,0.050078712,4147.0,0.003670100122690201,18139.0
Case26,Final Inspection Q.C.,Role 2,2012-03-16 01:39:18,2012-03-16 02:41:29,0.045060217,3731.0,0.0026463528629392385,13079.0
Case26,Grinding Rework,Role 3,2012-03-16 05:29:56,2012-03-16 06:39:12,0.050194256,4156.0,0.0020448402501642704,10107.0
Case26,Final Inspection Q.C.,Role 3,2012-03-16 10:43:00,2012-03-16 11:48:45,0.04764538,3945.0,0.002959656994789839,14628.0
Case26,Final Inspection Q.C.,Role 3,2012-03-16 15:40:43,2012-03-16 16:40:03,0.042999227,3560.0,0.002816107589751482,13918.0
Case26,Packing,Role 3,2012-03-16 20:37:12,2012-03-16 21:35:14,0.042049058,3482.0,0.002878856612369418,14229.0
Case26,Flat Grinding,Role 2,2012-03-17 02:39:33,2012-03-17 03:35:23,0.04045851,3350.0,0.0036943440791219473,18259.0
Case26,Packing,Role 5,2012-03-17 06:58:20,2012-03-17 07:59:08,0.044052392,3648.0,0.002463712589815259,12177.0
Case26,Packing,Role 3,2012-03-17 13:41:38,2012-03-17 14:44:56,0.045873433,3798.0,0.004157846327871084,20550.0
Case26,Grinding Rework,Role 3,2012-03-17 18:30:37,2012-03-17 19:24:18,0.0388957,3221.0,0.0027396809309720993,13541.0
Case27,Turning,Role 1,2012-03-13 00:47:25,2012-03-13 03:40:43,0.12558454,10398.0,0.000575563870370388,2845.0
Case27,Turning & Milling,Role 1,2012-03-13 05:21:57,2012-03-13 07:34:12,0.095834695,7935.0,0.0012289852602407336,6074.0
Case27,Turning,Role 1,2012-03-13 09:23:42,2012-03-13 11:31:39,0.09271661,7677.0,0.0013293700758367777,6570.0
Case27,Lapping,Role 1,2012-03-13 13:39:33,2012-03-13 15:45:28,0.091245934,7555.0,0.0015526132192462683,7674.0
Case27,Flat Grinding,Role 1,2012-03-13 17:10:50,2012-03-13 19:00:31,0.07948141,6581.0,0.0010363843757659197,5122.0
Case27,Turning & Milling,Role 7,2012-03-13 20:20:30,2012-03-13 22:21:00,0.08732295,7230.0,0.0009710144950076938,4799.0
Case27,Round Grinding,Role 3,2012-03-14 01:59:43,2012-03-14 03:29:48,0.0652797,5405.0,0.0026551636401563883,13123.0
Case27,Turning & Milling Q.C.,Role 3,2012-03-14 06:01:01,2012-03-14 07:25:25,0.061157294,5064.0,0.001835717004723847,9073.0
Case27,Packing,Role 3,2012-03-14 11:37:55,2012-03-14 12:45:20,0.048848424,4045.0,0.003065249416977167,15150.0
Case27,Final Inspection Q.C.,Role 5,2012-03-14 17:55:29,2012-03-14 18:47:25,0.037636984,3116.0,0.003765198402106762,18609.0
Case27,Final Inspection Q.C.,Role 3,2012-03-14 20:31:16,2012-03-14 21:10:30,0.028426176,2354.0,0.0012606282252818346,6231.0
Case27,Final Inspection Q.C.,Role 2,2012-03-14 23:18:44,2012-03-15 00:08:41,0.036198534,2997.0,0.001556743634864688,7694.0
Case27,Final Inspection Q.C.,Role 3,2012-03-15 02:58:00,2012-03-15 04:04:04,0.04787824,3964.0,0.00205552508123219,10159.0
Case27,Final Inspection Q.C.,Role 3,2012-03-15 07:58:23,2012-03-15 08:58:59,0.04391543,3636.0,0.0028445133939385414,14059.0
Case27,Lapping,Role 7,2012-03-15 12:27:09,2012-03-15 13:27:25,0.043674987,3616.0,0.0025270527694374323,12490.0
Case27,Packing,Role 3,2012-03-15 16:14:39,2012-03-15 17:28:11,0.053284157,4412.0,0.0020301691256463528,10034.0
Case27,Packing,Role 3,2012-03-15 22:44:58,2012-03-15 23:40:41,0.0403684,3343.0,0.0038457682821899652,19007.0
Case27,Final Inspection Q.C.,Role 5,2012-03-16 04:34:11,2012-03-16 05:25:50,0.03742841,3099.0,0.0035630057100206614,17610.0
Case28,Turning & Milling,Role 1,2012-03-13 00:47:25,2012-03-13 03:40:43,0.12558454,10398.0,0.000575563870370388,2845.0
Case28,Turning & Milling,Role 1,2012-03-13 05:11:43,2012-03-13 07:25:36,0.09701587,8033.0,0.0011047637090086937,5460.0
Case28,Turning & Milling,Role 1,2012-03-13 08:58:20,2012-03-13 11:12:21,0.09711956,8041.0,0.0011258168378844857,5564.0
Case28,Turning & Milling,Role 1,2012-03-13 12:49:37,2012-03-13 15:00:15,0.09466359,7838.0,0.001180708291940391,5836.0
Case28,Turning & Milling,Role 1,2012-03-13 16:55:32,2012-03-13 19:03:44,0.09290078,7692.0,0.0013994695618748665,6917.0
Case28,Turning & Milling Q.C.,Role 1,2012-03-13 21:50:09,2012-03-13 23:56:36,0.09162475,7587.0,0.0020202200394123793,9985.0
Case28,Turning & Milling Q.C.,Role 3,2012-03-14 01:19:25,2012-03-14 03:06:13,0.07739543,6408.0,0.001005415921099484,4969.0
Case28,Turning & Milling Q.C.,Role 1,2012-03-14 08:18:31,2012-03-14 09:31:56,0.053200193,4405.0,0.003791267517954111,18738.0
Case28,Turning & Milling Q.C.,Role 3,2012-03-14 11:05:34,2012-03-14 12:39:57,0.06839885,5663.0,0.001136760227382183,5618.0
Case28,Laser Marking,Role 1,2012-03-14 16:08:53,2012-03-14 17:16:49,0.049227852,4076.0,0.0025364779867231846,12536.0
Case28,Turning,Role 3,2012-03-14 18:48:51,2012-03-14 20:30:48,0.07387729,6117.0,0.0011173191014677286,5522.0
Case28,Final Inspection Q.C.,Role 3,2012-03-14 23:30:33,2012-03-15 00:48:47,0.056691084,4694.0,0.0021821409463882446,10785.0
Case28,Lapping,Role 5,2012-03-15 04:12:42,2012-03-15 05:10:29,0.041874364,3467.0,0.002475515939295292,12235.0
Case28,Lapping,Role 3,2012-03-15 08:10:56,2012-03-15 09:14:26,0.04601574,3810.0,0.0021905910689383745,10827.0
Case28,Lapping,Role 7,2012-03-15 13:50:18,2012-03-15 14:44:14,0.039078087,3236.0,0.0033490380737930536,16552.0
Case28,Lapping,Role 2,2012-03-15 17:20:06,2012-03-15 18:34:41,0.05404721,4475.0,0.0018921524751931429,9352.0
Case28,Lapping,Role 3,2012-03-15 20:37:31,2012-03-15 22:03:52,0.06256999,5181.0,0.0014911176403984427,7370.0
Case28,Round Grinding,Role 3,2012-03-16 02:20:04,2012-03-16 03:34:16,0.05376272,4452.0,0.003110240213572979,15372.0
Case28,Round Grinding,Role 7,2012-03-16 06:48:11,2012-03-16 08:02:17,0.05369303,4446.0,0.0023541529662907124,11635.0
Case28,Final Inspection Q.C.,Role 2,2012-03-16 09:05:52,2012-03-16 10:49:57,0.07542129,6245.0,0.00077183882240206,3815.0
Case28,Round Grinding,Role 3,2012-03-16 13:13:59,2012-03-16 14:37:18,0.0603725,4999.0,0.0017485208809375763,8642.0
Case28,Round Grinding,Role 3,2012-03-16 16:55:31,2012-03-16 18:21:17,0.062153324,5146.0,0.0016779974102973938,8293.0
Case28,Final Inspection Q.C.,Role 2,2012-03-16 20:35:34,2012-03-16 22:02:44,0.06316948,5230.0,0.0016301641007885337,8057.0
Case28,Round Grinding,Role 3,2012-03-17 00:17:18,2012-03-17 01:39:06,0.059274066,4908.0,0.0016335323452949524,8074.0
Case28,Round Grinding,Role 3,2012-03-17 03:48:20,2012-03-17 05:10:46,0.05973283,4946.0,0.001568878535181284,7754.0
Case28,Final Inspection Q.C.,Role 3,2012-03-17 07:31:10,2012-03-17 08:53:44,0.059836373,4954.0,0.0017044462729245424,8424.0
Case28,Final Inspection Q.C.,Role 3,2012-03-17 12:52:15,2012-03-17 13:54:12,0.044894464,3717.0,0.0028954821173101664,14311.0
Case28,Packing,Role 3,2012-03-17 17:11:32,2012-03-17 18:10:23,0.042646926,3531.0,0.002395652700215578,11840.0
Case29,Packing,Role 1,2012-03-13 00:47:25,2012-03-13 03:40:43,0.12558454,10398.0,0.000575563870370388,2845.0
Case29,Turning & Milling,Role 1,2012-03-13 05:18:51,2012-03-13 07:29:41,0.094800934,7850.0,0.0011913587804883718,5888.0
Case29,Turning & Milling,Role 1,2012-03-13 09:16:22,2012-03-13 11:24:36,0.09292726,7694.0,0.0012950861128047109,6401.0
Case29,Turning Q.C.,Role 3,2012-03-13 13:13:50,2012-03-13 15:24:09,0.09443322,7819.0,0.0013261488638818264,6554.0
Case29,Turning & Milling,Role 2,2012-03-13 19:49:27,2012-03-13 21:08:45,0.05746404,4758.0,0.003220650367438793,15918.0
Case29,Turning & Milling,Role 3,2012-03-14 01:52:19,2012-03-14 03:18:43,0.06261212,5184.0,0.0034424280747771263,17014.0
Case29,Turning & Milling Q.C.,Role 7,2012-03-14 09:27:24,2012-03-14 10:38:53,0.05179431,4289.0,0.004475679248571396,22121.0
Case29,Flat Grinding,Role 7,2012-03-14 15:48:22,2012-03-14 16:44:23,0.04059782,3361.0,0.0037570768035948277,18569.0
Case29,Final Inspection Q.C.,Role 7,2012-03-14 20:30:38,2012-03-14 21:46:17,0.05481501,4539.0,0.0027465317398309708,13575.0
Case29,Round Grinding,Role 9,2012-03-15 01:28:26,2012-03-15 02:42:24,0.05360403,4438.0,0.0026967853773385286,13329.0
Case29,Round Grinding,Role 9,2012-03-15 04:08:21,2012-03-15 05:38:44,0.0654925,5423.0,0.0010434401920065284,5157.0
Case29,Turning & Milling Q.C.,Role 7,2012-03-15 07:02:52,2012-03-15 08:57:23,0.08297877,6871.0,0.001021434087306261,5048.0
Case29,Grinding Rework,Role 7,2012-03-15 11:03:14,2012-03-15 12:41:34,0.07125899,5900.0,0.0015277601778507233,7551.0
Case29,Lapping,Role 2,2012-03-15 15:36:40,2012-03-15 17:08:12,0.06633369,5492.0,0.0021255966275930405,10506.0
Case29,Turning & Milling Q.C.,Role 2,2012-03-15 19:47:58,2012-03-15 21:25:18,0.070532314,5840.0,0.0019395295530557632,9586.0
Case29,Round Grinding,Role 2,2012-03-15 23:51:24,2012-03-16 01:21:05,0.064993486,5381.0,0.0017735742731019855,8766.0
Case29,Round Grinding,Role 3,2012-03-16 02:31:07,2012-03-16 04:17:07,0.07680601,6360.0,0.0008501291740685701,4202.0
Case29,Packing,Role 3,2012-03-16 06:49:18,2012-03-16 08:23:26,0.06821398,5648.0,0.001847491366788745,9131.0
Case29,Final Inspection Q.C.,Role 3,2012-03-16 12:33:48,2012-03-16 13:25:52,0.037729643,3124.0,0.0030393425840884447,15022.0
Case29,Packing,Role 5,2012-03-16 15:54:37,2012-03-16 16:43:17,0.035267293,2920.0,0.001805851235985756,8925.0
Case30,Laser Marking,Role 3,2012-03-13 00:47:25,2012-03-13 03:40:43,0.12558454,10398.0,0.000575563870370388,2845.0
Case30,Turning & Milling,Role 3,2012-03-13 09:41:27,2012-03-13 11:05:13,0.060706384,5026.0,0.0043791597709059715,21644.0
Case31,Turning & Milling,Role 1,2012-03-13 00:47:25,2012-03-13 03:40:43,0.12558454,10398.0,0.000575563870370388,2845.0
Case31,Turning,Role 1,2012-03-13 05:11:43,2012-03-13 07:25:36,0.09701587,8033.0,0.0011047637090086937,5460.0
Case31,Turning & Milling,Role 1,2012-03-13 09:10:51,2012-03-13 11:23:33,0.09616372,7962.0,0.0012777324300259352,6315.0
Case31,Turning & Milling,Role 1,2012-03-13 13:25:06,2012-03-13 15:28:32,0.08944439,7406.0,0.0014756214804947376,7293.0
Case31,Turning & Milling,Role 3,2012-03-13 17:44:42,2012-03-13 19:47:47,0.08918804,7385.0,0.001652981387451291,8170.0
Case31,Turning & Milling,Role 1,2012-03-14 04:41:35,2012-03-14 05:58:50,0.055981502,4635.0,0.00648017693310976,32028.0
Case31,Turning & Milling,Role 1,2012-03-14 09:33:53,2012-03-14 11:33:40,0.0868054,7187.0,0.002610656199976802,12903.0
Case31,Turning & Milling Q.C.,Role 3,2012-03-14 14:39:19,2012-03-14 16:42:14,0.089073084,7375.0,0.002253759652376175,11139.0
Case31,Turning & Milling,Role 7,2012-03-14 22:46:33,2012-03-14 23:56:54,0.05098013,4221.0,0.004422673024237156,21859.0
Case31,Lapping,Role 3,2012-03-15 04:27:13,2012-03-15 05:50:38,0.060449533,5005.0,0.003281618468463421,16219.0
Case31,Turning & Milling Q.C.,Role 2,2012-03-15 11:54:07,2012-03-15 12:49:32,0.04015316,3325.0,0.004412531387060881,21809.0
Case31,Final Inspection Q.C.,Role 7,2012-03-15 16:41:19,2012-03-15 17:47:14,0.047763716,3955.0,0.0028138274792581797,13907.0
Case31,Lapping,Role 2,2012-03-15 20:45:14,2012-03-15 22:00:22,0.054447457,4508.0,0.00216079642996192,10680.0
Case31,Packing,Role 7,2012-03-16 00:36:55,2012-03-16 01:59:07,0.05956003,4932.0,0.0019004711648449302,9393.0
Case31,Final Inspection Q.C.,Role 3,2012-03-16 05:59:51,2012-03-16 07:06:00,0.047933158,3969.0,0.002922483254224062,14444.0
Case31,Packing,Role 3,2012-03-16 10:01:48,2012-03-16 10:59:32,0.041841045,3464.0,0.002134190406650305,10548.0
Case31,Packing,end,2012-03-16 15:39:23,2012-03-16 16:33:12,0.03899865,3229.0,0.0033973653335124254,16791.0
Case32,Round Grinding,Role 1,2012-03-13 00:47:25,2012-03-13 03:40:43,0.12558454,10398.0,0.000575563870370388,2845.0
Case32,Round Grinding,Role 2,2012-03-13 03:40:43,2012-03-13 05:39:14,0.085877106,7111.0,0.0,0.0
Case32,Round Grinding,Role 2,2012-03-13 06:59:17,2012-03-13 08:54:06,0.08320162,6889.0,0.000971793313510716,4803.0
Case32,Round Grinding,Role 2,2012-03-13 10:14:39,2012-03-13 12:19:02,0.090133086,7463.0,0.0009778178064152598,4833.0
Case32,Round Grinding,Role 2,2012-03-13 13:15:01,2012-03-13 15:22:31,0.09238853,7650.0,0.0006795385852456093,3359.0
Case32,Final Inspection Q.C.,Role 2,2012-03-13 16:12:12,2012-03-13 18:25:03,0.0962625,7971.0,0.0006031014490872622,2981.0
Case32,Round Grinding,Role 2,2012-03-13 20:20:52,2012-03-13 22:02:44,0.073817566,6112.0,0.0014059623936191201,6949.0
Case32,Final Inspection Q.C.,end,2012-03-13 22:58:54,2012-03-14 00:52:53,0.08259748,6839.0,0.0006817779503762722,3370.0
Case32,Final Inspection Q.C.,Role 2,2012-03-14 05:04:23,2012-03-14 06:47:53,0.07500247,6210.0,0.0030531594529747963,15090.0
Case32,Final Inspection Q.C.,Role 2,2012-03-14 09:03:54,2012-03-14 10:30:07,0.06247974,5173.0,0.0016511253779754043,8161.0
Case33,Turning & Milling,Role 1,2012-03-13 00:47:25,2012-03-13 03:40:43,0.12558454,10398.0,0.000575563870370388,2845.0
Case33,Turning & Milling Q.C.,Role 1,2012-03-13 05:11:43,2012-03-13 07:25:36,0.09701587,8033.0,0.0011047637090086937,5460.0
Case33,Turning & Milling,Role 1,2012-03-13 08:40:07,2012-03-13 10:34:39,0.08300069,6872.0,0.0009046626510098577,4471.0
Case33,Turning & Milling Q.C.,Role 1,2012-03-13 11:45:42,2012-03-13 13:51:39,0.09126632,7557.0,0.0008625001646578312,4263.0
Case33,Turning & Milling Q.C.,Role 1,2012-03-13 14:35:32,2012-03-13 16:30:53,0.083592705,6921.0,0.0005326915998011827,2633.0
Case33,Turning & Milling Q.C.,Role 5,2012-03-13 17:02:21,2012-03-13 18:53:17,0.08038335,6656.0,0.0003819391131401062,1888.0
Case33,Laser Marking,Role 5,2012-03-13 22:08:48,2012-03-13 23:39:53,0.066005714,5465.0,0.002373454859480262,11731.0
Case33,Laser Marking,Role 2,2012-03-14 03:13:40,2012-03-14 04:38:16,0.061301168,5076.0,0.0025952893774956465,12827.0
Case33,Turning & Milling Q.C.,Role 3,2012-03-14 07:51:35,2012-03-14 09:22:39,0.06599415,5464.0,0.0023469161242246628,11599.0
Case34,Turning & Milling,Role 1,2012-03-13 00:47:25,2012-03-13 03:40:43,0.12558454,10398.0,0.000575563870370388,2845.0
Case34,Final Inspection Q.C.,Role 1,2012-03-13 05:11:43,2012-03-13 07:25:36,0.09701587,8033.0,0.0011047637090086937,5460.0
Case34,Turning & Milling,Role 1,2012-03-13 08:50:11,2012-03-13 10:47:04,0.08469756,7013.0,0.0010268496116623282,5075.0
Case34,Turning & Milling Q.C.,Role 1,2012-03-13 12:00:14,2012-03-13 14:04:08,0.089777626,7434.0,0.0008881984977051616,4390.0
Case34,Turning & Milling,Role 3,2012-03-13 14:55:12,2012-03-13 16:47:39,0.081486106,6747.0,0.0006199365016072989,3064.0
Case34,Turning & Milling,Role 3,2012-03-13 20:31:08,2012-03-13 21:45:17,0.053733192,4449.0,0.002713131485506892,13409.0
Case34,Laser Marking,Role 3,2012-03-14 02:28:16,2012-03-14 03:33:53,0.047550123,3937.0,0.0034353609662503004,16979.0
Case34,Lapping,Role 3,2012-03-14 10:52:21,2012-03-14 11:35:54,0.03155503,2613.0,0.005322962533682585,26308.0
Case34,Lapping,Role 3,2012-03-14 18:54:32,2012-03-14 19:41:31,0.03404057,2819.0,0.005324856378138065,26318.0
Case34,Grinding Rework,end,2012-03-15 02:40:26,2012-03-15 03:29:33,0.03558935,2947.0,0.005085579119622707,25135.0
Case34,Final Inspection Q.C.,Role 5,2012-03-15 07:23:23,2012-03-15 08:18:01,0.039586864,3278.0,0.0028387662023305893,14030.0
Case34,Packing,Role 3,2012-03-15 11:28:47,2012-03-15 12:27:39,0.04265224,3532.0,0.0023158120457082987,11446.0
Case35,Turning & Milling,Role 3,2012-03-13 00:47:25,2012-03-13 03:40:43,0.12558454,10398.0,0.000575563870370388,2845.0
Case35,Turning & Milling Q.C.,Role 1,2012-03-13 09:10:58,2012-03-13 10:45:20,0.068378404,5662.0,0.004009080119431019,19815.0
Case35,Grinding Rework,Role 3,2012-03-13 13:16:01,2012-03-13 14:42:08,0.06240137,5167.0,0.0018292308086529374,9041.0
Case35,Final Inspection Q.C.,Role 7,2012-03-13 21:03:29,2012-03-13 22:17:02,0.05329317,4413.0,0.004629496484994888,22881.0
Case35,Final Inspection Q.C.,Role 2,2012-03-14 02:35:07,2012-03-14 03:49:59,0.05425597,4492.0,0.003133137710392475,15485.0
Case35,Round Grinding,Role 7,2012-03-14 07:27:39,2012-03-14 08:38:51,0.051599782,4272.0,0.0026424890384078026,13060.0
Case35,Final Inspection Q.C.,Role 2,2012-03-14 10:32:00,2012-03-14 12:05:35,0.06781966,5615.0,0.0013736512046307325,6789.0
Case35,Grinding Rework,Role 2,2012-03-14 14:40:56,2012-03-14 16:02:45,0.05928942,4909.0,0.0018859959673136473,9321.0
Case35,Turning & Milling Q.C.,Role 7,2012-03-14 18:38:13,2012-03-14 19:59:50,0.059142098,4897.0,0.0018873990047723055,9328.0
Case35,Final Inspection Q.C.,Role 7,2012-03-14 22:24:44,2012-03-14 23:48:16,0.060529552,5012.0,0.0017589789349585772,8694.0
Case35,Round Grinding,Role 5,2012-03-15 02:26:34,2012-03-15 03:49:35,0.0601532,4981.0,0.0019217561930418015,9498.0
Case35,Round Grinding,Role 2,2012-03-15 05:20:16,2012-03-15 06:53:35,0.067617506,5599.0,0.0011008719448000193,5441.0
Case35,Final Inspection Q.C.,Role 2,2012-03-15 07:49:51,2012-03-15 09:36:08,0.07701589,6377.0,0.0006830531638115644,3376.0
Case35,Round Grinding,Role 5,2012-03-15 11:44:40,2012-03-15 13:16:57,0.06687309,5537.0,0.0015603359788656235,7712.0
Case35,Round Grinding,Role 3,2012-03-15 14:36:27,2012-03-15 16:19:05,0.07437739,6158.0,0.0009651107247918844,4770.0
Case35,Round Grinding,Role 2,2012-03-15 18:10:30,2012-03-15 19:46:14,0.069370046,5744.0,0.0013525844551622868,6685.0
Case35,Final Inspection Q.C.,Role 2,2012-03-15 20:49:32,2012-03-15 22:38:20,0.07883525,6528.0,0.0007683789590373635,3798.0
Case35,Round Grinding,Role 7,2012-03-16 00:43:48,2012-03-16 02:13:29,0.06498563,5381.0,0.0015231884317472577,7528.0
Case35,Round Grinding,Role 3,2012-03-16 03:32:48,2012-03-16 05:21:16,0.078596815,6508.0,0.0009629619307816029,4759.0
Case35,Round Grinding,Role 5,2012-03-16 07:24:05,2012-03-16 09:01:19,0.070458636,5834.0,0.0014909561723470688,7369.0
Case35,Laser Marking,Role 3,2012-03-16 10:24:46,2012-03-16 12:11:31,0.07734905,6405.0,0.00101306417491287,5007.0
Case35,Laser Marking,Role 2,2012-03-16 14:50:36,2012-03-16 16:09:16,0.05700148,4720.0,0.0019311914220452309,9545.0
Case35,Laser Marking,Role 2,2012-03-16 18:18:35,2012-03-16 19:43:37,0.061613645,5102.0,0.0015697811031714082,7759.0
Case35,Lapping,Role 7,2012-03-16 21:55:01,2012-03-16 23:22:38,0.0634881,5257.0,0.0015951712848618627,7884.0
Case35,Final Inspection Q.C.,Role 7,2012-03-17 01:52:14,2012-03-17 03:25:11,0.067360066,5577.0,0.0018161924090236425,8976.0
Case35,Lapping,Role 2,2012-03-17 06:28:15,2012-03-17 07:50:20,0.059479937,4925.0,0.0022223012056201696,10984.0
Case35,Packing,Role 7,2012-03-17 10:21:18,2012-03-17 11:52:40,0.066209085,5482.0,0.0018327462021261454,9058.0
Case35,Laser Marking,Role 5,2012-03-17 16:15:32,2012-03-17 17:21:52,0.04806843,3980.0,0.0031912140548229218,15772.0
Case35,Lapping,Role 2,2012-03-17 20:53:54,2012-03-17 22:03:23,0.050356135,4169.0,0.002574011916294694,12722.0
Case35,Round Grinding,Role 5,2012-03-18 00:32:22,2012-03-18 01:53:55,0.059099447,4893.0,0.0018087148200720549,8939.0
Case35,Final Inspection Q.C.,Role 7,2012-03-18 03:16:37,2012-03-18 04:44:00,0.06331765,5243.0,0.001003931276500225,4962.0
Case35,Lapping,Role 3,2012-03-18 07:16:11,2012-03-18 08:38:56,0.059965104,4965.0,0.0018474870594218373,9131.0
Case35,Lapping,Role 2,2012-03-18 12:13:16,2012-03-18 13:27:03,0.05346714,4427.0,0.0026019650977104902,12860.0
Case35,Lapping,Role 2,2012-03-18 15:40:40,2012-03-18 17:07:11,0.06269364,5191.0,0.001622023992240429,8017.0
Case35,Grinding Rework,Role 2,2012-03-18 19:15:15,2012-03-18 20:48:25,0.067509405,5590.0,0.0015547279035672545,7684.0
Case35,Laser Marking,Role 7,2012-03-19 00:05:19,2012-03-19 01:36:32,0.06609679,5473.0,0.002390242414548993,11814.0
Case35,Round Grinding,Role 3,2012-03-19 04:38:07,2012-03-19 06:06:42,0.06419462,5315.0,0.002204461256042123,10895.0
Case35,Round Grinding,Role 2,2012-03-19 09:13:17,2012-03-19 10:39:06,0.06218864,5149.0,0.0022650205064564943,11195.0
Case35,Flat Grinding,Role 5,2012-03-19 11:46:33,2012-03-19 13:33:35,0.077558994,6422.0,0.0008188241627067327,4047.0
Case35,Final Inspection Q.C.,Role 3,2012-03-19 16:14:43,2012-03-19 17:46:33,0.066541076,5510.0,0.001956060528755188,9668.0
Case35,Packing,Role 3,2012-03-19 21:01:31,2012-03-19 22:10:03,0.04965903,4112.0,0.002366882050409913,11698.0
Case35,Packing,Role 3,2012-03-20 01:08:01,2012-03-20 02:00:32,0.03805198,3151.0,0.002160400152206421,10678.0
Case35,Grinding Rework,Role 3,2012-03-20 03:43:55,2012-03-20 04:25:51,0.030389419,2516.0,0.001255099312402308,6203.0
Case35,Final Inspection Q.C.,Role 3,2012-03-20 08:39:04,2012-03-20 09:26:30,0.034367338,2846.0,0.0030740085057914257,15193.0
Case35,Packing,end,2012-03-20 15:37:09,2012-03-20 16:29:46,0.038123466,3157.0,0.004499656613916159,22239.0
Case35,Final Inspection Q.C.,Role 5,2012-03-20 22:23:03,2012-03-20 23:40:04,0.05580441,4621.0,0.004288731142878532,21197.0
Case35,Final Inspection Q.C.,Role 5,2012-03-21 04:00:47,2012-03-21 04:54:14,0.038736247,3207.0,0.0031650082673877478,15643.0
Case35,Final Inspection Q.C.,Role 2,2012-03-21 09:21:16,2012-03-21 10:28:49,0.048954844,4053.0,0.0032417350448668003,16022.0
Case35,Final Inspection Q.C.,Role 3,2012-03-21 13:22:42,2012-03-21 14:35:57,0.05307624,4395.0,0.0021108663640916348,10433.0
Case35,Final Inspection Q.C.,end,2012-03-21 17:45:30,2012-03-21 18:49:18,0.046234135,3828.0,0.002301161177456379,11373.0
Case35,Final Inspection Q.C.,Role 3,2012-03-21 23:07:46,2012-03-22 00:22:21,0.054040972,4475.0,0.003137789433822036,15508.0
Case35,Packing,Role 3,2012-03-22 03:26:13,2012-03-22 04:30:47,0.04678804,3874.0,0.002232074271887541,11032.0
Case35,Round Grinding,Role 3,2012-03-22 08:00:54,2012-03-22 08:59:21,0.04235771,3507.0,0.002550752367824316,12607.0
Case35,Lapping,Role 2,2012-03-22 11:28:22,2012-03-22 12:23:15,0.039769445,3293.0,0.0018089419463649392,8941.0
Case35,Final Inspection Q.C.,end,2012-03-22 14:11:02,2012-03-22 15:25:54,0.054249544,4492.0,0.0013085337122902274,6467.0
Case35,Final Inspection Q.C.,Role 3,2012-03-22 19:28:25,2012-03-22 20:40:35,0.052295484,4330.0,0.0029440552461892366,14551.0
Case35,Packing,Role 7,2012-03-22 23:39:34,2012-03-23 00:40:55,0.044453934,3681.0,0.0021727927960455418,10739.0
Case35,Final Inspection Q.C.,Role 3,2012-03-23 03:54:47,2012-03-23 04:59:37,0.046974838,3890.0,0.002353572053834796,11632.0
Case35,Final Inspection Q.C.,end,2012-03-23 06:43:57,2012-03-23 07:33:05,0.03559922,2948.0,0.0012666215188801289,6260.0
Case35,Turning & Milling,end,2012-03-23 11:22:11,2012-03-23 12:34:50,0.052646074,4359.0,0.002781237242743373,13746.0
Case35,Laser Marking,end,2012-03-23 17:12:00,2012-03-23 18:44:47,0.06723363,5567.0,0.0033647329546511173,16630.0
Case36,Turning & Milling,Role 1,2012-03-13 00:47:25,2012-03-13 03:40:43,0.12558454,10398.0,0.000575563870370388,2845.0
Case36,Turning & Milling,Role 1,2012-03-13 05:11:43,2012-03-13 07:25:36,0.09701587,8033.0,0.0011047637090086937,5460.0
Case36,Turning & Milling,Role 1,2012-03-13 08:58:20,2012-03-13 11:12:21,0.09711956,8041.0,0.0011258168378844857,5564.0
Case36,Turning & Milling,Role 1,2012-03-13 12:49:37,2012-03-13 15:00:15,0.09466359,7838.0,0.001180708291940391,5836.0
Case36,Turning & Milling,Role 1,2012-03-13 16:55:32,2012-03-13 19:03:44,0.09290078,7692.0,0.0013994695618748665,6917.0
Case36,Turning & Milling Q.C.,Role 1,2012-03-13 21:50:09,2012-03-13 23:56:36,0.09162475,7587.0,0.0020202200394123793,9985.0
Case36,Turning & Milling,Role 7,2012-03-14 01:19:25,2012-03-14 03:06:13,0.07739543,6408.0,0.001005415921099484,4969.0
Case36,Turning & Milling,Role 7,2012-03-14 07:13:00,2012-03-14 08:38:39,0.062059607,5139.0,0.002995875431224704,14807.0
Case36,Round Grinding,Role 7,2012-03-14 13:59:59,2012-03-14 15:17:45,0.056355193,4666.0,0.003900963580235839,19280.0
Case36,Flat Grinding,Role 2,2012-03-14 17:55:42,2012-03-14 19:27:31,0.06653614,5509.0,0.0019173906184732914,9477.0
Case36,Round Grinding,Role 2,2012-03-14 22:21:17,2012-03-14 23:58:07,0.0701645,5810.0,0.002109409775584936,10426.0
Case36,Lapping,Role 2,2012-03-15 01:18:37,2012-03-15 03:11:48,0.08202046,6791.0,0.000977211631834507,4830.0
Case36,Round Grinding,Role 2,2012-03-15 04:56:32,2012-03-15 06:42:37,0.07686832,6365.0,0.0012714609038084745,6284.0
Case36,Final Inspection Q.C.,Role 2,2012-03-15 07:26:34,2012-03-15 09:33:55,0.09227732,7641.0,0.0005335903260856867,2637.0
Case36,Final Inspection Q.C.,Role 2,2012-03-15 11:35:13,2012-03-15 13:13:02,0.07088272,5869.0,0.0014725102810189128,7278.0
Case36,Round Grinding,Role 5,2012-03-15 15:32:34,2012-03-15 16:58:44,0.062443633,5170.0,0.001693950267508626,8372.0
Case36,Round Grinding,Role 2,2012-03-15 18:09:39,2012-03-15 19:47:52,0.071170434,5893.0,0.0008610103977844119,4255.0
Case36,Round Grinding,Role 2,2012-03-15 20:35:13,2012-03-15 22:25:26,0.07986489,6613.0,0.0005747373215854168,2841.0
Case36,Round Grinding,Role 2,2012-03-15 23:23:04,2012-03-16 01:16:45,0.0823737,6821.0,0.0006995624862611294,3458.0
Case36,Round Grinding,Role 3,2012-03-16 02:10:10,2012-03-16 04:14:05,0.089794874,7435.0,0.0006484454497694969,3205.0
Case36,Round Grinding,Role 3,2012-03-16 06:19:03,2012-03-16 08:08:55,0.07960965,6592.0,0.0015170780243352056,7498.0
Case36,Turning & Milling Q.C.,Role 3,2012-03-16 10:22:14,2012-03-16 12:00:53,0.07148215,5919.0,0.0016183411935344338,7999.0
Case36,Packing,Role 2,2012-03-16 15:41:17,2012-03-16 16:49:09,0.0491756,4072.0,0.0026756655424833298,13224.0
Case37,Turning & Milling,Role 1,2012-03-13 00:47:25,2012-03-13 03:40:43,0.12558454,10398.0,0.000575563870370388,2845.0
Case37,Turning & Milling,Role 1,2012-03-13 05:11:43,2012-03-13 07:25:36,0.09701587,8033.0,0.0011047637090086937,5460.0
Case37,Turning & Milling Q.C.,Role 1,2012-03-13 08:58:20,2012-03-13 11:12:21,0.09711956,8041.0,0.0011258168378844857,5564.0
Case37,Turning & Milling,Role 3,2012-03-13 12:15:04,2012-03-13 14:10:29,0.08363581,6925.0,0.0007613921770825982,3763.0
Case37,Turning & Milling,Role 3,2012-03-13 18:28:20,2012-03-13 19:51:00,0.059904534,4960.0,0.0031301770359277725,15471.0
Case37,Turning & Milling Q.C.,Role 5,2012-03-14 01:41:20,2012-03-14 02:48:29,0.048657697,4029.0,0.004252922721207142,21020.0
Case37,Turning & Milling,Role 3,2012-03-14 07:06:37,2012-03-14 07:48:42,0.030500697,2525.0,0.00313376123085618,15488.0
Case37,Packing,Role 7,2012-03-14 11:46:46,2012-03-14 12:55:09,0.04954938,4103.0,0.0028901260811835527,14284.0
Case37,Final Inspection Q.C.,Role 5,2012-03-14 18:14:50,2012-03-14 19:19:38,0.046959948,3888.0,0.003880965057760477,19181.0
Case37,Final Inspection Q.C.,Role 5,2012-03-14 23:01:05,2012-03-14 23:44:29,0.031449914,2604.0,0.0026884395629167557,13287.0
Case37,Final Inspection Q.C.,Role 3,2012-03-15 04:10:49,2012-03-15 05:12:13,0.044496585,3684.0,0.0032332027330994606,15980.0
Case37,Packing,Role 3,2012-03-15 08:44:40,2012-03-15 09:38:22,0.03891429,3222.0,0.0025791674852371216,12747.0
Case37,Final Inspection Q.C.,end,2012-03-15 13:30:49,2012-03-15 14:28:27,0.041762605,3458.0,0.0028219064697623253,13947.0
Case37,Final Inspection Q.C.,Role 3,2012-03-15 19:21:52,2012-03-15 20:20:49,0.04272237,3537.0,0.0035620194394141436,17605.0
Case37,Final Inspection Q.C.,Role 3,2012-03-15 23:47:39,2012-03-16 00:47:02,0.043030705,3563.0,0.002510877326130867,12410.0
Case37,Final Inspection Q.C.,Role 3,2012-03-16 04:35:08,2012-03-16 05:37:14,0.04499781,3726.0,0.0027691014111042023,13686.0
Case37,Grinding Rework,Role 2,2012-03-16 09:28:40,2012-03-16 10:29:22,0.04398134,3642.0,0.002809632569551468,13886.0
Case37,Final Inspection Q.C.,Role 5,2012-03-16 13:18:02,2012-03-16 14:29:24,0.051712677,4282.0,0.0020475799683481455,10120.0
Case37,Packing,Role 7,2012-03-16 19:07:30,2012-03-16 20:16:51,0.050250642,4161.0,0.0033760254736989737,16686.0
Case37,Laser Marking,Role 3,2012-03-17 00:14:35,2012-03-17 01:24:42,0.050813265,4207.0,0.0028860336169600487,14264.0
Case37,Packing,Role 2,2012-03-17 04:54:50,2012-03-17 05:55:03,0.04363997,3613.0,0.0025509337428957224,12608.0
Case38,Turning & Milling,Role 1,2012-03-13 00:47:25,2012-03-13 03:40:43,0.12558454,10398.0,0.000575563870370388,2845.0
Case38,Turning & Milling,Role 1,2012-03-13 05:11:43,2012-03-13 07:25:36,0.09701587,8033.0,0.0011047637090086937,5460.0
Case38,Turning & Milling,Role 3,2012-03-13 08:58:20,2012-03-13 11:12:21,0.09711956,8041.0,0.0011258168378844857,5564.0
Case38,Turning & Milling,Role 1,2012-03-13 16:32:56,2012-03-13 18:05:55,0.06737438,5579.0,0.0038917928468436003,19235.0
Case38,Turning & Milling,Role 1,2012-03-13 20:27:52,2012-03-13 22:29:35,0.08819494,7303.0,0.00172328925691545,8517.0
Case38,Turning & Milling,Role 1,2012-03-14 01:28:47,2012-03-14 03:33:26,0.09033197,7479.0,0.002175510162487626,10752.0
Case38,Turning & Milling,Role 1,2012-03-14 06:27:43,2012-03-14 08:32:18,0.090277605,7475.0,0.0021157683804631233,10457.0
Case38,Turning & Milling,Role 1,2012-03-14 11:17:25,2012-03-14 13:21:45,0.09010214,7460.0,0.0020044001284986734,9907.0
Case38,Turning & Milling,Role 3,2012-03-14 16:14:00,2012-03-14 18:19:23,0.090856634,7523.0,0.0020911735482513905,10335.0
Case38,Turning & Milling,Role 1,2012-03-15 02:43:29,2012-03-15 04:01:10,0.056291968,4661.0,0.006119570694863796,30246.0
Case38,Turning & Milling,Role 1,2012-03-15 07:27:38,2012-03-15 09:28:52,0.08785282,7274.0,0.002506388584151864,12388.0
Case38,Turning & Milling,Role 3,2012-03-15 12:34:30,2012-03-15 14:37:44,0.0892946,7394.0,0.0022534860763698816,11138.0
Case38,Turning & Milling Q.C.,Role 3,2012-03-15 22:54:31,2012-03-16 00:17:03,0.059811313,4952.0,0.006030818913131952,29807.0
Case38,Laser Marking,Role 1,2012-03-16 07:16:18,2012-03-16 08:11:10,0.039760444,3292.0,0.00508954469114542,25155.0
Case38,Laser Marking,Role 7,2012-03-16 10:02:23,2012-03-16 11:39:39,0.07048063,5836.0,0.0013502114452421665,6673.0
Case38,Flat Grinding,Role 7,2012-03-16 14:51:10,2012-03-16 16:10:00,0.05712263,4730.0,0.0023249743971973658,11491.0
Case38,Turning & Milling Q.C.,Role 3,2012-03-16 19:08:15,2012-03-16 20:39:50,0.06636666,5495.0,0.0021639890037477016,10695.0
Case38,Turning & Milling Q.C.,Role 3,2012-03-17 01:13:37,2012-03-17 02:24:47,0.051572178,4270.0,0.0033237580209970474,16427.0
Case38,Turning & Milling,Role 2,2012-03-17 06:51:32,2012-03-17 07:51:48,0.04366926,3616.0,0.003238371107727289,16005.0
Case38,Packing,Role 7,2012-03-17 10:11:04,2012-03-17 11:22:50,0.05200028,4306.0,0.0016906845849007368,8356.0
Case38,Turn & Mill. & Screw Assem,Role 7,2012-03-17 16:04:13,2012-03-17 17:02:53,0.04251155,3520.0,0.0034159808419644833,16883.0
Case38,Laser Marking,Role 3,2012-03-17 22:11:32,2012-03-17 23:31:30,0.057950877,4798.0,0.0037469281814992428,18519.0
Case38,Lapping,Role 7,2012-03-18 06:37:27,2012-03-18 07:32:27,0.039849967,3300.0,0.005170881748199463,25557.0
Case38,Lapping,end,2012-03-18 13:46:10,2012-03-18 14:48:35,0.045227375,3745.0,0.0045368866994977,22423.0
Case38,Lapping,Role 7,2012-03-18 18:24:34,2012-03-18 19:29:27,0.047022615,3893.0,0.0026218940038233995,12959.0
Case38,Lapping,Role 7,2012-03-18 21:46:49,2012-03-18 23:11:43,0.061516274,5094.0,0.001667683944106102,8242.0
Case38,Round Grinding,Role 7,2012-03-19 01:33:09,2012-03-19 03:06:36,0.06771281,5607.0,0.0017170454375445843,8486.0
Case38,Round Grinding,Role 3,2012-03-19 04:28:05,2012-03-19 06:27:32,0.08655413,7167.0,0.000989248976111412,4889.0
Case38,Round Grinding,Role 3,2012-03-19 09:08:33,2012-03-19 10:46:40,0.07109666,5887.0,0.0019547808915376663,9661.0
Case38,Round Grinding,Role 3,2012-03-19 13:21:52,2012-03-19 14:56:32,0.06859404,5680.0,0.0018840004922822118,9312.0
Case38,Packing,Role 3,2012-03-19 17:33:25,2012-03-19 19:01:46,0.06401816,5301.0,0.0019045969238504767,9413.0
Case38,Round Grinding,Role 5,2012-03-19 22:40:42,2012-03-19 23:33:34,0.038306225,3172.0,0.002657769015058875,13136.0
Case39,Turning,Role 1,2012-03-13 00:47:25,2012-03-13 03:40:43,0.12558454,10398.0,0.000575563870370388,2845.0
Case39,Turning,Role 1,2012-03-13 05:21:57,2012-03-13 07:34:12,0.095834695,7935.0,0.0012289852602407336,6074.0
Case39,Turning Q.C.,Role 3,2012-03-13 09:46:23,2012-03-13 11:53:09,0.0918601,7606.0,0.0016047012759372592,7931.0
Case39,Turning,Role 3,2012-03-13 16:53:21,2012-03-13 18:15:17,0.05937454,4916.0,0.003644256852567196,18012.0
Case39,Laser Marking,Role 1,2012-03-13 23:56:36,2012-03-14 01:29:22,0.067217834,5566.0,0.004143544938415289,20479.0
Case39,Flat Grinding,Role 1,2012-03-14 04:17:28,2012-03-14 05:41:09,0.06063472,5021.0,0.0020407892297953367,10086.0
Case39,Round Grinding,Role 3,2012-03-14 06:41:57,2012-03-14 08:14:33,0.06709595,5556.0,0.0007381855975836515,3648.0
Case39,Final Inspection Q.C.,Role 7,2012-03-14 11:24:38,2012-03-14 12:53:52,0.06466178,5354.0,0.0023074657656252384,11405.0
Case39,Packing,Role 3,2012-03-14 16:06:44,2012-03-14 17:29:11,0.059751704,4947.0,0.0023414413444697857,11572.0
Case39,Packing,Role 5,2012-03-14 21:59:36,2012-03-14 22:50:19,0.03675022,3043.0,0.0032827728427946568,16225.0
Case40,Turning & Milling,Role 3,2012-03-13 00:47:25,2012-03-13 03:40:43,0.12558454,10398.0,0.000575563870370388,2845.0
Case40,Packing,Role 3,2012-03-13 09:10:58,2012-03-13 10:45:20,0.068378404,5662.0,0.004009080119431019,19815.0
Case40,Final Inspection Q.C.,Role 3,2012-03-13 17:17:33,2012-03-13 18:32:16,0.05414299,4483.0,0.0047614686191082,23533.0
Case40,Final Inspection Q.C.,Role 3,2012-03-14 00:13:49,2012-03-14 01:04:01,0.036372505,3012.0,0.0041463738307356834,20493.0
Case41,Final Inspection Q.C.,Role 2,2012-03-13 00:47:25,2012-03-13 03:40:43,0.12558454,10398.0,0.000575563870370388,2845.0
Case41,Grinding Rework,Role 1,2012-03-13 06:52:59,2012-03-13 08:25:02,0.06670014,5523.0,0.0023341295309364796,11536.0
Case41,Packing,Role 2,2012-03-13 10:16:10,2012-03-13 12:12:23,0.08421564,6973.0,0.0013492063153535128,6668.0
Case41,Grinding Rework,Role 2,2012-03-13 16:13:24,2012-03-13 17:36:36,0.06028598,4992.0,0.0029259640723466873,14461.0
Case41,Packing,Role 5,2012-03-13 21:25:38,2012-03-13 22:49:19,0.06063647,5021.0,0.002780440030619502,13742.0
Case41,Final Inspection Q.C.,Role 3,2012-03-14 05:42:47,2012-03-14 06:58:36,0.05493869,4549.0,0.005019390024244785,24808.0
Case42,Turning,Role 2,2012-03-13 00:47:25,2012-03-13 03:40:43,0.12558454,10398.0,0.000575563870370388,2845.0
Case42,Turning,Role 3,2012-03-13 07:07:29,2012-03-13 08:48:24,0.07312474,6055.0,0.0025100589264184237,12406.0
Case43,Turning & Milling,Role 1,2012-03-13 00:47:25,2012-03-13 03:40:43,0.12558454,10398.0,0.000575563870370388,2845.0
Case43,Turning & Milling,Role 3,2012-03-13 05:11:43,2012-03-13 07:25:36,0.09701587,8033.0,0.0011047637090086937,5460.0
Case43,Turning & Milling,Role 3,2012-03-13 12:13:37,2012-03-13 13:50:35,0.07027042,5818.0,0.0034964713267982006,17281.0
Case43,Turning & Milling,Role 1,2012-03-13 19:32:12,2012-03-13 20:58:07,0.062256623,5155.0,0.004147059749811888,20497.0
Case43,Turning & Milling,Role 1,2012-03-13 23:20:44,2012-03-14 01:19:08,0.085791826,7104.0,0.0017314127180725336,8557.0
Case43,Turning & Milling,Role 1,2012-03-14 04:02:30,2012-03-14 06:05:44,0.0892988,7394.0,0.0019833301194012165,9802.0
Case43,Turning & Milling Q.C.,Role 3,2012-03-14 08:44:09,2012-03-14 10:48:02,0.08977148,7433.0,0.0019231317564845085,9505.0
Case43,Laser Marking,Role 1,2012-03-14 16:40:21,2012-03-14 17:55:51,0.05470522,4530.0,0.004277082160115242,21139.0
Case43,Turning & Milling Q.C.,Role 7,2012-03-14 19:28:22,2012-03-14 21:21:06,0.08169134,6764.0,0.0011231284588575363,5551.0
Case43,Flat Grinding,Role 3,2012-03-15 00:19:17,2012-03-15 01:42:40,0.06042374,5003.0,0.0021631682757288218,10691.0
Case43,Turning & Milling Q.C.,Role 1,2012-03-15 06:25:38,2012-03-15 07:40:20,0.05413164,4482.0,0.0034351088106632233,16978.0
Case43,Final Inspection Q.C.,Role 7,2012-03-15 09:02:16,2012-03-15 10:38:48,0.06995306,5792.0,0.0009945923229679465,4916.0
Case43,Round Grinding,Role 7,2012-03-15 13:16:39,2012-03-15 14:39:43,0.060192507,4984.0,0.0019163584802299738,9471.0
Case43,Round Grinding,Role 2,2012-03-15 16:09:31,2012-03-15 17:55:09,0.076544315,6338.0,0.00109005905687809,5388.0
Case43,Round Grinding,Role 2,2012-03-15 18:55:07,2012-03-15 20:46:31,0.0807253,6684.0,0.0007279417477548122,3598.0
Case43,Round Grinding,Role 2,2012-03-15 21:49:03,2012-03-15 23:49:40,0.08740044,7237.0,0.0007591384928673506,3752.0
Case43,Round Grinding,Role 2,2012-03-16 00:27:26,2012-03-16 02:36:25,0.09346211,7739.0,0.00045845890417695045,2266.0
Case43,Round Grinding,Role 3,2012-03-16 03:11:42,2012-03-16 05:28:33,0.099166974,8211.0,0.00042839720845222473,2117.0
Case43,Round Grinding,Role 3,2012-03-16 07:26:38,2012-03-16 09:18:12,0.08084846,6694.0,0.0014334555016830564,7085.0
Case43,Packing,Role 3,2012-03-16 11:32:17,2012-03-16 13:11:01,0.071545206,5924.0,0.0016277908580377698,8045.0
Case44,Turning & Milling Q.C.,Role 3,2012-03-13 00:47:25,2012-03-13 03:40:43,0.12558454,10398.0,0.000575563870370388,2845.0
Case44,Laser Marking,Role 3,2012-03-13 08:44:46,2012-03-13 10:03:17,0.056901686,4711.0,0.0036911466158926487,18243.0
Case44,Grinding Rework,Role 1,2012-03-13 16:27:57,2012-03-13 17:38:37,0.05120733,4240.0,0.004669773858040571,23080.0
Case44,Lapping,Role 3,2012-03-13 19:52:43,2012-03-13 21:33:33,0.07306777,6050.0,0.0016279260162264109,8046.0
Case44,Turning & Milling Q.C.,Role 1,2012-03-14 02:02:41,2012-03-14 03:18:55,0.05523957,4574.0,0.003267299849539995,16148.0
Case44,Lapping,Role 7,2012-03-14 04:37:17,2012-03-14 06:17:19,0.072484106,6002.0,0.000951396650634706,4702.0
Case44,Round Grinding,Role 2,2012-03-14 08:40:02,2012-03-14 10:11:44,0.06644474,5502.0,0.0017325500957667828,8563.0
Case44,Round Grinding,Role 2,2012-03-14 11:27:05,2012-03-14 13:18:22,0.08064085,6677.0,0.0009148250101134181,4521.0
Case44,Final Inspection Q.C.,Role 2,2012-03-14 14:21:17,2012-03-14 16:18:07,0.08466681,7010.0,0.0007637050002813339,3775.0
Case44,Round Grinding,Role 5,2012-03-14 18:41:09,2012-03-14 20:17:40,0.06993704,5791.0,0.001736312173306942,8582.0
Case44,Lapping,Role 3,2012-03-14 21:26:16,2012-03-14 23:14:03,0.07810971,6467.0,0.000832690391689539,4116.0
Case44,Round Grinding,Role 3,2012-03-15 01:41:33,2012-03-15 03:07:25,0.062217154,5152.0,0.001790664391592145,8850.0
Case44,Laser Marking,Role 3,2012-03-15 05:26:43,2012-03-15 06:48:44,0.05943648,4921.0,0.0016911488492041826,8358.0
